
{
    "time": "2026-08-25T07:06:50.478Z",
    "method": "POST",
    "url": "/api/v1/auth/login",
    "ip": "::1",
    "params": {},
    "query": {},
    "body": {
        "email": "yashkacha321@gmail.com",
        "password": "password123"
    },
    "headers": {
        "content-type": "application/json",
        "user-agent": "PostmanRuntime/7.56.1",
        "accept": "*/*",
        "cache-control": "no-cache",
        "postman-token": "e667468f-c336-47ce-a272-3a79c3030049",
        "host": "localhost:3000",
        "accept-encoding": "gzip, deflate, br",
        "connection": "keep-alive",
        "content-length": "75"
    },
    "statusCode": 200,
    "responseTime": "331ms"
}

{
    "time": "2026-08-25T07:15:13.570Z",
    "method": "POST",
    "url": "/api/v1/auth/login",
    "ip": "::1",
    "params": {},
    "query": {},
    "body": {
        "email": "yashkacha321@gmail.com",
        "password": "password123"
    },
    "headers": {
        "content-type": "application/json",
        "user-agent": "PostmanRuntime/7.56.1",
        "accept": "*/*",
        "cache-control": "no-cache",
        "postman-token": "2325724f-1815-4401-8377-7199e32820c9",
        "host": "localhost:3000",
        "accept-encoding": "gzip, deflate, br",
        "connection": "keep-alive",
        "content-length": "75"
    },
    "statusCode": 200,
    "responseTime": "401ms"
}
===============================================================================================
===============================================================================================
{
    "time": "2026-08-25T07:15:20.709Z",
    "method": "POST",
    "url": "/api/v1/auth/login",
    "ip": "::1",
    "params": {},
    "query": {},
    "body": {
        "email": "yashkacha321@gmail.com",
        "password": "password123"
    },
    "headers": {
        "content-type": "application/json",
        "user-agent": "PostmanRuntime/7.56.1",
        "accept": "*/*",
        "cache-control": "no-cache",
        "postman-token": "8bf2c4d6-6124-4c81-ba68-0ce36ff94a96",
        "host": "localhost:3000",
        "accept-encoding": "gzip, deflate, br",
        "connection": "keep-alive",
        "content-length": "75"
    },
    "statusCode": 200,
    "responseTime": "460ms"
}
===============================================================================================
===============================================================================================
{
    "time": "2026-08-25T07:15:23.884Z",
    "method": "POST",
    "url": "/api/v1/auth/login",
    "ip": "::1",
    "params": {},
    "query": {},
    "body": {
        "email": "yashkacha321@gmail.com",
        "password": "password123"
    },
    "headers": {
        "content-type": "application/json",
        "user-agent": "PostmanRuntime/7.56.1",
        "accept": "*/*",
        "cache-control": "no-cache",
        "postman-token": "67a6c3ec-8036-4355-8fe1-2614cdc17e3e",
        "host": "localhost:3000",
        "accept-encoding": "gzip, deflate, br",
        "connection": "keep-alive",
        "content-length": "75"
    },
    "statusCode": 200,
    "responseTime": "509ms"
}
===============================================================================================
===============================================================================================
{
    "time": "2026-08-25T07:15:37.246Z",
    "method": "POST",
    "url": "/api/v1/auth/login",
    "ip": "::1",
    "params": {},
    "query": {},
    "body": {
        "email": "yashkacha321@gmail.com",
        "password": "password123"
    },
    "headers": {
        "content-type": "application/json",
        "user-agent": "PostmanRuntime/7.56.1",
        "accept": "*/*",
        "cache-control": "no-cache",
        "postman-token": "c377512a-f665-490d-991b-1c13139c6ece",
        "host": "localhost:3000",
        "accept-encoding": "gzip, deflate, br",
        "connection": "keep-alive",
        "content-length": "75"
    },
    "statusCode": 200,
    "responseTime": "326ms"
}
===============================================================================================
===============================================================================================
{
    "time": "2026-08-25T07:15:48.387Z",
    "method": "POST",
    "url": "/api/v1/auth/login",
    "ip": "::1",
    "params": {},
    "query": {},
    "body": {
        "email": "yashkacha321@gmail.com",
        "password": "password123"
    },
    "headers": {
        "content-type": "application/json",
        "user-agent": "PostmanRuntime/7.56.1",
        "accept": "*/*",
        "cache-control": "no-cache",
        "postman-token": "70ad73e7-f387-4c0c-ae0a-8e40ad4d441a",
        "host": "localhost:3000",
        "accept-encoding": "gzip, deflate, br",
        "connection": "keep-alive", 
        "content-length": "75"
    },
    "statusCode": 200,
    "responseTime": "317ms"
}

===============================================================================================
===============================================================================================
{
    "time": "2026-08-25T07:16:51.208Z",
    "method": "POST",
    "url": "/api/v1/auth/login",
    "ip": "::1",
    "params": {},
    "query": {},
    "body": {
        "email": "yashkacha321@gmail.com",
        "password": "password123"
    },
    "headers": {
        "content-type": "application/json",
        "user-agent": "PostmanRuntime/7.56.1",
        "accept": "*/*",
        "cache-control": "no-cache",
        "postman-token": "db34ae41-f436-47d7-80ce-473dc8b1817e",
        "host": "localhost:3000",
        "accept-encoding": "gzip, deflate, br",
        "connection": "keep-alive",
        "content-length": "75"
    },
    "statusCode": 200,
    "responseTime": "348ms"
}
===============================================================================================
===============================================================================================
{
    "time": "2026-08-25T07:17:02.858Z",
    "method": "POST",
    "url": "/api/v1/auth/login",
    "ip": "::1",
    "params": {},
    "query": {},
    "body": {
        "email": "yashkacha321@gmail.com",
        "password": "password123"
    },
    "headers": {
        "content-type": "application/json",
        "user-agent": "PostmanRuntime/7.56.1",
        "accept": "*/*",
        "cache-control": "no-cache",
        "postman-token": "f7ae369b-e19e-4c0a-96f3-8847978ff7fb",
        "host": "localhost:3000",
        "accept-encoding": "gzip, deflate, br",
        "connection": "keep-alive",
        "content-length": "75"
    },
    "statusCode": 200,
    "responseTime": "326ms"
}
===============================================================================================
===============================================================================================
{
    "time": "2026-08-25T07:33:53.245Z",
    "method": "POST",
    "url": "/api/v1/auth/login",
    "ip": "::1",
    "params": {},
    "query": {},
    "body": {
        "email": "yashkacha321@gmail.com",
        "password": "password123"
    },
    "headers": {
        "content-type": "application/json",
        "user-agent": "PostmanRuntime/7.56.1",
        "accept": "*/*",
        "cache-control": "no-cache",
        "postman-token": "f2912bd7-2478-473f-8a0f-0c443d6e4655",
        "host": "localhost:3000",
        "accept-encoding": "gzip, deflate, br",
        "connection": "keep-alive",
        "content-length": "78"
    },
    "statusCode": 500,
    "responseTime": "342ms"
}
===============================================================================================
===============================================================================================
{
    "time": "2026-08-25T07:34:19.415Z",
    "method": "POST",
    "url": "/api/v1/auth/login",
    "ip": "::1",
    "params": {},
    "query": {},
    "body": {
        "email": "yashkacha321@gmail.com",
        "password": "password123"
    },
    "headers": {
        "content-type": "application/json",
        "user-agent": "PostmanRuntime/7.56.1",
        "accept": "*/*",
        "cache-control": "no-cache",
        "postman-token": "8098776b-e3f9-48c3-9131-a37bb0a16f1c",
        "host": "localhost:3000",
        "accept-encoding": "gzip, deflate, br",
        "connection": "keep-alive",
        "content-length": "78"
    },
    "statusCode": 200,
    "responseTime": "331ms"
}
===============================================================================================
===============================================================================================
{
    "time": "2026-08-25T07:40:58.590Z",
    "method": "POST",
    "url": "/api/v1/auth/login",
    "ip": "::1",
    "params": {},
    "query": {},
    "body": {
        "email": "yashkacha321@gmail.com",
        "password": "password123"
    },
    "headers": {
        "content-type": "application/json",
        "user-agent": "PostmanRuntime/7.56.1",
        "accept": "*/*",
        "cache-control": "no-cache",
        "postman-token": "b7ef8589-b2a2-4f9f-a12d-2e3792243bd1",
        "host": "localhost:3000",
        "accept-encoding": "gzip, deflate, br",
        "connection": "keep-alive",
        "content-length": "78"
    },
    "statusCode": 200,
    "responseTime": "350ms"
}
===============================================================================================
===============================================================================================
{
    "time": "2026-08-25T07:56:12.437Z",
    "method": "GET",
    "url": "/api/v1/tours/",
    "ip": "::1",
    "params": {},
    "query": {},
    "headers": {
        "user-agent": "PostmanRuntime/7.56.1",
        "accept": "*/*",
        "cache-control": "no-cache",
        "postman-token": "48cc76e8-6b23-4142-b220-001f8c346df6",
        "host": "localhost:3000",
        "accept-encoding": "gzip, deflate, br",
        "connection": "keep-alive",
        "cookie": "jwt=eyJhbGciOiJIUzI1NiIsInR5cCI6IkpXVCJ9.eyJpZCI6IjZhOGQyNGJmY2UzMmM0NGZhY2VmNGM1YSIsImlhdCI6MTc4NzY0MzY1OCwiZXhwIjoxNzg3ODE2NDU4fQ.MhWtKj8aDgt7pp8bw_l2o0oRSx-8DdeKWH7Y_1PEZg8"
    },
    "statusCode": 200,
    "responseTime": "40ms"
}
===============================================================================================
===============================================================================================
{
    "time": "2026-08-25T07:57:43.525Z",
    "method": "DELETE",
    "url": "/api/v1/users/",
    "ip": "::1",
    "params": {},
    "query": {},
    "headers": {
        "user-agent": "PostmanRuntime/7.56.1",
        "accept": "*/*",
        "cache-control": "no-cache",
        "postman-token": "4e362ecb-51eb-4b1e-90b2-b62f0e00f830",
        "host": "localhost:3000",
        "accept-encoding": "gzip, deflate, br",
        "connection": "keep-alive",
        "cookie": "jwt=eyJhbGciOiJIUzI1NiIsInR5cCI6IkpXVCJ9.eyJpZCI6IjZhOGQyNGJmY2UzMmM0NGZhY2VmNGM1YSIsImlhdCI6MTc4NzY0MzY1OCwiZXhwIjoxNzg3ODE2NDU4fQ.MhWtKj8aDgt7pp8bw_l2o0oRSx-8DdeKWH7Y_1PEZg8"
    },
    "statusCode": 201,
    "responseTime": "3149ms"
}
===============================================================================================
===============================================================================================
{
    "time": "2026-08-25T07:57:54.697Z",
    "method": "GET",
    "url": "/api/v1/tours/",
    "ip": "::1",
    "params": {},
    "query": {},
    "headers": {
        "user-agent": "PostmanRuntime/7.56.1",
        "accept": "*/*",
        "cache-control": "no-cache",
        "postman-token": "0e6faf39-7ec8-43ba-b0e2-eaf8193b9b1f",
        "host": "localhost:3000",
        "accept-encoding": "gzip, deflate, br",
        "connection": "keep-alive"
    },
    "statusCode": 401,
    "responseTime": "1ms"
}
===============================================================================================
===============================================================================================
{
    "time": "2026-08-25T07:57:59.999Z",
    "method": "POST",
    "url": "/api/v1/auth/login",
    "ip": "::1",
    "params": {},
    "query": {},
    "body": {
        "email": "yashkacha321@gmail.com",
        "password": "password123"
    },
    "headers": {
        "content-type": "application/json",
        "user-agent": "PostmanRuntime/7.56.1",
        "accept": "*/*",
        "cache-control": "no-cache",
        "postman-token": "3aef1c87-9bdb-4993-90dc-991af7ecef96",
        "host": "localhost:3000",
        "accept-encoding": "gzip, deflate, br",
        "connection": "keep-alive",
        "content-length": "78"
    },
    "statusCode": 401,
    "responseTime": "5ms"
}
===============================================================================================
===============================================================================================
{
    "time": "2026-08-25T07:58:01.921Z",
    "method": "POST",
    "url": "/api/v1/auth/login",
    "ip": "::1",
    "params": {},
    "query": {},
    "body": {
        "email": "yashkacha321@gmail.com",
        "password": "password123"
    },
    "headers": {
        "content-type": "application/json",
        "user-agent": "PostmanRuntime/7.56.1",
        "accept": "*/*",
        "cache-control": "no-cache",
        "postman-token": "cc43c044-547d-402c-ab77-5ff1ac44f9ef",
        "host": "localhost:3000",
        "accept-encoding": "gzip, deflate, br",
        "connection": "keep-alive",
        "content-length": "78"
    },
    "statusCode": 401,
    "responseTime": "2ms"
}
===============================================================================================
===============================================================================================
{
    "time": "2026-08-25T07:58:16.809Z",
    "method": "POST",
    "url": "/api/v1/users/activeUser",
    "ip": "::1",
    "params": {},
    "query": {},
    "body": {
        "email": "yashkacha321@gmail.com",
        "password": "password123"
    },
    "headers": {
        "content-type": "application/json",
        "user-agent": "PostmanRuntime/7.56.1",
        "accept": "*/*",
        "cache-control": "no-cache",
        "postman-token": "363b147d-720b-4ae9-914b-0175d692ce18",
        "host": "localhost:3000",
        "accept-encoding": "gzip, deflate, br",
        "connection": "keep-alive",
        "content-length": "78"
    },
    "statusCode": 201,
    "responseTime": "3368ms"
}
===============================================================================================
===============================================================================================
{
    "time": "2026-08-25T07:58:18.832Z",
    "method": "POST",
    "url": "/api/v1/auth/login",
    "ip": "::1",
    "params": {},
    "query": {},
    "body": {
        "email": "yashkacha321@gmail.com",
        "password": "password123"
    },
    "headers": {
        "content-type": "application/json",
        "user-agent": "PostmanRuntime/7.56.1",
        "accept": "*/*",
        "cache-control": "no-cache",
        "postman-token": "ea48b39c-ac19-4116-a19f-8e8640f05879",
        "host": "localhost:3000",
        "accept-encoding": "gzip, deflate, br",
        "connection": "keep-alive",
        "content-length": "78"
    },
    "statusCode": 200,
    "responseTime": "337ms"
}
===============================================================================================
===============================================================================================
{
    "time": "2026-08-25T07:58:42.504Z",
    "method": "PATCH",
    "url": "/api/v1/users/",
    "ip": "::1",
    "params": {},
    "query": {},
    "body": {
        "name": "Kacha Yash "
    },
    "headers": {
        "content-type": "application/json",
        "user-agent": "PostmanRuntime/7.56.1",
        "accept": "*/*",
        "cache-control": "no-cache",
        "postman-token": "6251576a-4452-442c-a401-3dafeebb66bc",
        "host": "localhost:3000",
        "accept-encoding": "gzip, deflate, br",
        "connection": "keep-alive",
        "content-length": "30",
        "cookie": "jwt=eyJhbGciOiJIUzI1NiIsInR5cCI6IkpXVCJ9.eyJpZCI6IjZhOGQyNGJmY2UzMmM0NGZhY2VmNGM1YSIsImlhdCI6MTc4NzY0NDY5OCwiZXhwIjoxNzg3ODE3NDk4fQ.KcBFe2Ljl72v3QFAQGA3Mw-8MhIwVXZpNDK3PcMi1WM"
    },
    "statusCode": 201,
    "responseTime": "3105ms"
}
===============================================================================================
===============================================================================================
{
    "time": "2026-08-25T07:59:57.481Z",
    "method": "POST",
    "url": "/api/v1/auth/login",
    "ip": "::1",
    "params": {},
    "query": {},
    "body": {
        "email": "yashkacha321@gmail.com",
        "password": "password123"
    },
    "headers": {
        "content-type": "application/json",
        "user-agent": "PostmanRuntime/7.56.1",
        "accept": "*/*",
        "cache-control": "no-cache",
        "postman-token": "51f96fce-e1b4-47bc-9b28-e9ba1c75dad0",
        "host": "localhost:3000",
        "accept-encoding": "gzip, deflate, br",
        "connection": "keep-alive",
        "content-length": "78",
        "cookie": "jwt=eyJhbGciOiJIUzI1NiIsInR5cCI6IkpXVCJ9.eyJpZCI6IjZhOGQyNGJmY2UzMmM0NGZhY2VmNGM1YSIsImlhdCI6MTc4NzY0NDY5OCwiZXhwIjoxNzg3ODE3NDk4fQ.KcBFe2Ljl72v3QFAQGA3Mw-8MhIwVXZpNDK3PcMi1WM"
    },
    "statusCode": 200,
    "responseTime": "304ms"
}
===============================================================================================
===============================================================================================
{
    "time": "2026-08-25T08:00:07.843Z",
    "method": "POST",
    "url": "/api/v1/auth/singup",
    "ip": "::1",
    "params": {},
    "query": {},
    "body": {
        "name": "Yash Kacha",
        "email": "yashkacha123@gmail.com",
        "photo": "user1.jpg",
        "password": "password123",
        "passwordConfirm": "password123",
        "passwordChangeAt": "2026-08-24",
        "role": "admin"
    },
    "headers": {
        "content-type": "application/json",
        "user-agent": "PostmanRuntime/7.56.1",
        "accept": "*/*",
        "cache-control": "no-cache",
        "postman-token": "c04f3091-3e75-475e-8a41-a371acb82449",
        "host": "localhost:3000",
        "accept-encoding": "gzip, deflate, br",
        "connection": "keep-alive",
        "content-length": "229",
        "cookie": "jwt=eyJhbGciOiJIUzI1NiIsInR5cCI6IkpXVCJ9.eyJpZCI6IjZhOGQyNGJmY2UzMmM0NGZhY2VmNGM1YSIsImlhdCI6MTc4NzY0NDc5NywiZXhwIjoxNzg3ODE3NTk3fQ._JglnzP-vWRQeN0uYfYT0Tfeok3xYoJu6ZOLUOxUu4o"
    },
    "statusCode": 201,
    "responseTime": "305ms"
}
===============================================================================================
===============================================================================================
{
    "time": "2026-08-25T08:00:23.849Z",
    "method": "POST",
    "url": "/api/v1/auth/login",
    "ip": "::1",
    "params": {},
    "query": {},
    "body": {
        "email": "yashkacha321@gmail.com",
        "password": "password123"
    },
    "headers": {
        "content-type": "application/json",
        "user-agent": "PostmanRuntime/7.56.1",
        "accept": "*/*",
        "cache-control": "no-cache",
        "postman-token": "c1e808e0-9ea7-4351-83e6-4f180cc60613",
        "host": "localhost:3000",
        "accept-encoding": "gzip, deflate, br",
        "connection": "keep-alive",
        "content-length": "78",
        "cookie": "jwt=eyJhbGciOiJIUzI1NiIsInR5cCI6IkpXVCJ9.eyJpZCI6IjZhOGQ0Yjg3ZGU3ZGY2OTRlZmRmODZmOSIsImlhdCI6MTc4NzY0NDgwNywiZXhwIjoxNzg3ODE3NjA3fQ.tuHgRH6X0ekAi9M1v_UvIfGU6_qJRE2zv7zJQ6I_YKw"
    },
    "statusCode": 200,
    "responseTime": "487ms"
}
===============================================================================================
===============================================================================================
{
    "time": "2026-08-25T08:01:02.921Z",
    "method": "PATCH",
    "url": "/api/v1/users/",
    "ip": "::1",
    "params": {},
    "query": {},
    "body": {
        "name": "Kacha Yash Girishbhaiiiiiii"
    },
    "headers": {
        "authorization": "Bearer eyJhbGciOiJIUzI1NiIsInR5cCI6IkpXVCJ9.eyJpZCI6IjZhOGMyZmY0NTczNzlhZWI4NTJkNmM2YiIsImlhdCI6MTc4NzU3NjkwMCwiZXhwIjoxNzg3NzQ5NzAwfQ.tNaOHzk3uJNFNC4Jkd7w0Ay3EoopyiqcS0NvqR7vmo0",
        "content-type": "application/json",
        "user-agent": "PostmanRuntime/7.56.1",
        "accept": "*/*",
        "cache-control": "no-cache",
        "postman-token": "b089c13e-b691-4eaf-a63d-acdf460f39c8",
        "host": "localhost:3000",
        "accept-encoding": "gzip, deflate, br",
        "connection": "keep-alive",
        "content-length": "52",
        "cookie": "jwt=eyJhbGciOiJIUzI1NiIsInR5cCI6IkpXVCJ9.eyJpZCI6IjZhOGQyNGJmY2UzMmM0NGZhY2VmNGM1YSIsImlhdCI6MTc4NzY0NDgyMywiZXhwIjoxNzg3ODE3NjIzfQ.UvMVi9HX1VLxNM4NUuGsCiXepX0sDCHiZ4UhQUHm7As"
    },
    "statusCode": 201,
    "responseTime": "3188ms"
}
===============================================================================================
===============================================================================================
{
    "time": "2026-08-25T08:01:19.907Z",
    "method": "POST",
    "url": "/api/v1/auth/login",
    "ip": "::1",
    "params": {},
    "query": {},
    "body": {
        "email": "yashkacha321@gmail.com",
        "password": "password123"
    },
    "headers": {
        "content-type": "application/json",
        "user-agent": "PostmanRuntime/7.56.1",
        "accept": "*/*",
        "cache-control": "no-cache",
        "postman-token": "bd42c224-d8c9-483c-90c3-1f8107e9586f",
        "host": "localhost:3000",
        "accept-encoding": "gzip, deflate, br",
        "connection": "keep-alive",
        "content-length": "78",
        "cookie": "jwt=eyJhbGciOiJIUzI1NiIsInR5cCI6IkpXVCJ9.eyJpZCI6IjZhOGQyNGJmY2UzMmM0NGZhY2VmNGM1YSIsImlhdCI6MTc4NzY0NDgyMywiZXhwIjoxNzg3ODE3NjIzfQ.UvMVi9HX1VLxNM4NUuGsCiXepX0sDCHiZ4UhQUHm7As"
    },
    "statusCode": 200,
    "responseTime": "311ms"
}
===============================================================================================
===============================================================================================
{
    "time": "2026-08-25T08:02:40.731Z",
    "method": "DELETE",
    "url": "/api/v1/users/",
    "ip": "::1",
    "params": {},
    "query": {},
    "headers": {
        "user-agent": "PostmanRuntime/7.56.1",
        "accept": "*/*",
        "cache-control": "no-cache",
        "postman-token": "d979c12c-9fb6-4da8-b8bf-4cc713bbd3cd",
        "host": "localhost:3000",
        "accept-encoding": "gzip, deflate, br",
        "connection": "keep-alive",
        "cookie": "jwt=eyJhbGciOiJIUzI1NiIsInR5cCI6IkpXVCJ9.eyJpZCI6IjZhOGQyNGJmY2UzMmM0NGZhY2VmNGM1YSIsImlhdCI6MTc4NzY0NDg3OSwiZXhwIjoxNzg3ODE3Njc5fQ.RRg2E_8a-QrQzqBSdfNQgr2jFEo6rh4K9Dg4C67Bkfg"
    },
    "statusCode": 201,
    "responseTime": "3070ms"
}
===============================================================================================
===============================================================================================
{
    "time": "2026-08-25T08:03:03.751Z",
    "method": "POST",
    "url": "/api/v1/auth/login",
    "ip": "::1",
    "params": {},
    "query": {},
    "body": {
        "email": "yashkacha321@gmail.com",
        "password": "password123"
    },
    "headers": {
        "content-type": "application/json",
        "user-agent": "PostmanRuntime/7.56.1",
        "accept": "*/*",
        "cache-control": "no-cache",
        "postman-token": "da255931-bdec-4d53-921c-b282ec9a3529",
        "host": "localhost:3000",
        "accept-encoding": "gzip, deflate, br",
        "connection": "keep-alive",
        "content-length": "78"
    },
    "statusCode": 401,
    "responseTime": "5ms"
}
===============================================================================================
===============================================================================================
{
    "time": "2026-08-25T08:03:14.155Z",
    "method": "POST",
    "url": "/api/v1/auth/login",
    "ip": "::1",
    "params": {},
    "query": {},
    "body": {
        "email": "yashkacha123@gmail.com",
        "password": "password123"
    },
    "headers": {
        "content-type": "application/json",
        "user-agent": "PostmanRuntime/7.56.1",
        "accept": "*/*",
        "cache-control": "no-cache",
        "postman-token": "8fa7dfb4-d876-42d5-a003-a095e4bc98ab",
        "host": "localhost:3000",
        "accept-encoding": "gzip, deflate, br",
        "connection": "keep-alive",
        "content-length": "78"
    },
    "statusCode": 200,
    "responseTime": "322ms"
}
===============================================================================================
===============================================================================================
{
    "time": "2026-08-25T08:03:24.472Z",
    "method": "DELETE",
    "url": "/api/v1/users/",
    "ip": "::1",
    "params": {},
    "query": {},
    "headers": {
        "user-agent": "PostmanRuntime/7.56.1",
        "accept": "*/*",
        "cache-control": "no-cache",
        "postman-token": "d16d15bf-469a-47b9-8656-0d34876e547d",
        "host": "localhost:3000",
        "accept-encoding": "gzip, deflate, br",
        "connection": "keep-alive",
        "cookie": "jwt=eyJhbGciOiJIUzI1NiIsInR5cCI6IkpXVCJ9.eyJpZCI6IjZhOGQ0Yjg3ZGU3ZGY2OTRlZmRmODZmOSIsImlhdCI6MTc4NzY0NDk5NCwiZXhwIjoxNzg3ODE3Nzk0fQ.LQyByvBhlBjRbp09JOgPocz8axh6Bwu69iBSvqF98LU"
    },
    "statusCode": 201,
    "responseTime": "3113ms"
}
===============================================================================================
===============================================================================================
{
    "time": "2026-08-25T09:31:07.888Z",
    "method": "POST",
    "url": "/api/v1/users/activeUser",
    "ip": "::1",
    "params": {},
    "query": {},
    "body": {
        "email": "yashkacha123@gmail.com",
        "password": "password123"
    },
    "headers": {
        "content-type": "application/json",
        "user-agent": "PostmanRuntime/7.56.1",
        "accept": "*/*",
        "cache-control": "no-cache",
        "postman-token": "4b2a1236-e95e-4b69-ac16-f01200fe94c4",
        "host": "localhost:3000",
        "accept-encoding": "gzip, deflate, br",
        "connection": "keep-alive",
        "content-length": "78"
    },
    "statusCode": 201,
    "responseTime": "3369ms"
}
===============================================================================================
===============================================================================================
{
    "time": "2026-08-25T09:32:36.628Z",
    "method": "POST",
    "url": "/api/v1/auth/singup",
    "ip": "::1",
    "params": {},
    "query": {},
    "body": {
        "name": "Yash Kacha",
        "email": "yashkacha123@gmail.com",
        "photo": "user1.jpg",
        "password": "password123",
        "passwordConfirm": "password123",
        "passwordChangeAt": "2026-08-24",
        "role": "admin"
    },
    "headers": {
        "content-type": "application/json",
        "user-agent": "PostmanRuntime/7.56.1",
        "accept": "*/*",
        "cache-control": "no-cache",
        "postman-token": "502bac0b-9858-479f-9945-be83d511e41d",
        "host": "localhost:3000",
        "accept-encoding": "gzip, deflate, br",
        "connection": "keep-alive",
        "content-length": "229"
    },
    "statusCode": 500,
    "responseTime": "318ms"
}
===============================================================================================
===============================================================================================
{
    "time": "2026-08-25T09:32:45.785Z",
    "method": "DELETE",
    "url": "/api/v1/users/",
    "ip": "::1",
    "params": {},
    "query": {},
    "headers": {
        "user-agent": "PostmanRuntime/7.56.1",
        "accept": "*/*",
        "cache-control": "no-cache",
        "postman-token": "66c032b8-1af6-4e6d-bdba-0e676e76514d",
        "host": "localhost:3000",
        "accept-encoding": "gzip, deflate, br",
        "connection": "keep-alive"
    },
    "statusCode": 401,
    "responseTime": "0ms"
}
===============================================================================================
===============================================================================================
{
    "time": "2026-08-25T09:32:54.042Z",
    "method": "POST",
    "url": "/api/v1/auth/login",
    "ip": "::1",
    "params": {},
    "query": {},
    "body": {
        "email": "yashkacha123@gmail.com",
        "password": "password123"
    },
    "headers": {
        "content-type": "application/json",
        "user-agent": "PostmanRuntime/7.56.1",
        "accept": "*/*",
        "cache-control": "no-cache",
        "postman-token": "4f5dcfde-d178-495e-ad3f-06a20bef903b",
        "host": "localhost:3000",
        "accept-encoding": "gzip, deflate, br",
        "connection": "keep-alive",
        "content-length": "78"
    },
    "statusCode": 200,
    "responseTime": "310ms"
}
===============================================================================================
===============================================================================================
{
    "time": "2026-08-25T09:33:04.981Z",
    "method": "DELETE",
    "url": "/api/v1/users/",
    "ip": "::1",
    "params": {},
    "query": {},
    "headers": {
        "user-agent": "PostmanRuntime/7.56.1",
        "accept": "*/*",
        "cache-control": "no-cache",
        "postman-token": "91eff710-89df-48e6-9e42-531c8fa779b8",
        "host": "localhost:3000",
        "accept-encoding": "gzip, deflate, br",
        "connection": "keep-alive",
        "cookie": "jwt=eyJhbGciOiJIUzI1NiIsInR5cCI6IkpXVCJ9.eyJpZCI6IjZhOGQ0Yjg3ZGU3ZGY2OTRlZmRmODZmOSIsImlhdCI6MTc4NzY1MDM3NCwiZXhwIjoxNzg3ODIzMTc0fQ.ORbP-K7mwikTd2ofNcClYEAy0-qkd7Ny4G5mDXR9ItY"
    },
    "statusCode": 201,
    "responseTime": "2947ms"
}
===============================================================================================
===============================================================================================
{
    "time": "2026-08-25T09:33:45.413Z",
    "method": "POST",
    "url": "/api/v1/users/activeUser",
    "ip": "::1",
    "params": {},
    "query": {},
    "body": {
        "email": "yashkacha123@gmail.com",
        "password": "password123"
    },
    "headers": {
        "content-type": "application/json",
        "user-agent": "PostmanRuntime/7.56.1",
        "accept": "*/*",
        "cache-control": "no-cache",
        "postman-token": "e513c059-60f5-43ff-bdcc-ac970f7b4c80",
        "host": "localhost:3000",
        "accept-encoding": "gzip, deflate, br",
        "connection": "keep-alive",
        "content-length": "78"
    },
    "statusCode": 201,
    "responseTime": "3391ms"
}
===============================================================================================
===============================================================================================
{
    "time": "2026-08-25T09:34:11.952Z",
    "method": "POST",
    "url": "/api/v1/users/activeUser",
    "ip": "::1",
    "params": {},
    "query": {},
    "body": {
        "email": "yashkacha321@gmail.com",
        "password": "password123"
    },
    "headers": {
        "content-type": "application/json",
        "user-agent": "PostmanRuntime/7.56.1",
        "accept": "*/*",
        "cache-control": "no-cache",
        "postman-token": "e0e07c58-bca2-470b-a0ae-c1977542534b",
        "host": "localhost:3000",
        "accept-encoding": "gzip, deflate, br",
        "connection": "keep-alive",
        "content-length": "78"
    },
    "statusCode": 201,
    "responseTime": "3409ms"
}
===============================================================================================
===============================================================================================
{
    "time": "2026-08-25T09:40:18.617Z",
    "method": "GET",
    "url": "/api/v1/tours/",
    "ip": "::1",
    "params": {},
    "query": {},
    "body": {},
    "headers": {
        "user-agent": "PostmanRuntime/7.56.1",
        "accept": "*/*",
        "cache-control": "no-cache",
        "postman-token": "92982285-1f78-4791-ac26-c46e8dfef149",
        "host": "localhost:3000",
        "accept-encoding": "gzip, deflate, br",
        "connection": "keep-alive"
    },
    "statusCode": 401,
    "responseTime": "5ms"
}
===============================================================================================
===============================================================================================

{
    "time": "2026-08-25T09:40:24.444Z",
    "method": "POST",
    "url": "/api/v1/auth/login",
    "ip": "::1",
    "params": {},
    "query": {},
    "body": {
        "email": "yashkacha123@gmail.com"
    },
    "headers": {
        "content-type": "application/json",
        "user-agent": "PostmanRuntime/7.56.1",
        "accept": "*/*",
        "cache-control": "no-cache",
        "postman-token": "141a6dca-348d-4217-bf84-11264d2f4041",
        "host": "localhost:3000",
        "accept-encoding": "gzip, deflate, br",
        "connection": "keep-alive",
        "content-length": "78"
    },
    "statusCode": 200,
    "responseTime": "373ms"
}
===============================================================================================
===============================================================================================

{
    "time": "2026-08-25T09:40:29.021Z",
    "method": "GET",
    "url": "/api/v1/tours/",
    "ip": "::1",
    "params": {},
    "query": {},
    "body": {},
    "headers": {
        "user-agent": "PostmanRuntime/7.56.1",
        "accept": "*/*",
        "cache-control": "no-cache",
        "postman-token": "9c491fb5-58b1-4e18-96be-cc82ee6286e8",
        "host": "localhost:3000",
        "accept-encoding": "gzip, deflate, br",
        "connection": "keep-alive"
    },
    "statusCode": 200,
    "responseTime": "12ms"
}
===============================================================================================
===============================================================================================


{
    "time": "2026-08-25T09:51:43.214Z",
    "method": "GET",
    "url": "/api/v1/tours/",
    "ip": "::1",
    "params": {},
    "query": {},
    "body": {},
    "headers": {
        "user-agent": "PostmanRuntime/7.56.1",
        "accept": "*/*",
        "cache-control": "no-cache",
        "postman-token": "96437740-bc2b-4a71-a294-8f9c903c6838",
        "host": "localhost:3000",
        "accept-encoding": "gzip, deflate, br",
        "connection": "keep-alive"
    },
    "statusCode": 200,
    "responseTime": "40ms"
}
===============================================================================================
===============================================================================================

{
    "time": "2026-08-25T09:51:49.669Z",
    "method": "GET",
    "url": "/api/v1/tours/",
    "ip": "::1",
    "params": {},
    "query": {},
    "body": {},
    "headers": {
        "user-agent": "PostmanRuntime/7.56.1",
        "accept": "*/*",
        "cache-control": "no-cache",
        "postman-token": "3d8ff03e-6080-4f55-86e1-7a3b469f350e",
        "host": "localhost:3000",
        "accept-encoding": "gzip, deflate, br",
        "connection": "keep-alive"
    },
    "statusCode": 200,
    "responseTime": "10ms"
}
===============================================================================================
===============================================================================================

{
    "time": "2026-08-25T09:51:50.648Z",
    "method": "GET",
    "url": "/api/v1/tours/",
    "ip": "::1",
    "params": {},
    "query": {},
    "body": {},
    "headers": {
        "user-agent": "PostmanRuntime/7.56.1",
        "accept": "*/*",
        "cache-control": "no-cache",
        "postman-token": "7e547b39-0550-4347-a648-aefb2a2af5aa",
        "host": "localhost:3000",
        "accept-encoding": "gzip, deflate, br",
        "connection": "keep-alive"
    },
    "statusCode": 200,
    "responseTime": "8ms"
}
===============================================================================================
===============================================================================================

{
    "time": "2026-08-25T09:51:53.790Z",
    "method": "GET",
    "url": "/api/v1/tours/",
    "ip": "::1",
    "params": {},
    "query": {},
    "body": {},
    "headers": {
        "user-agent": "PostmanRuntime/7.56.1",
        "accept": "*/*",
        "cache-control": "no-cache",
        "postman-token": "15abd446-8ba2-4333-8179-d89e4a3fbcea",
        "host": "localhost:3000",
        "accept-encoding": "gzip, deflate, br",
        "connection": "keep-alive"
    },
    "statusCode": 200,
    "responseTime": "7ms"
}
===============================================================================================
===============================================================================================

{
    "time": "2026-08-25T09:51:54.714Z",
    "method": "GET",
    "url": "/api/v1/tours/",
    "ip": "::1",
    "params": {},
    "query": {},
    "body": {},
    "headers": {
        "user-agent": "PostmanRuntime/7.56.1",
        "accept": "*/*",
        "cache-control": "no-cache",
        "postman-token": "0fe11a26-05e7-40ad-9313-db066eb4e86d",
        "host": "localhost:3000",
        "accept-encoding": "gzip, deflate, br",
        "connection": "keep-alive"
    },
    "statusCode": 200,
    "responseTime": "8ms"
}
===============================================================================================
===============================================================================================

{
    "time": "2026-08-25T09:51:55.517Z",
    "method": "GET",
    "url": "/api/v1/tours/",
    "ip": "::1",
    "params": {},
    "query": {},
    "body": {},
    "headers": {
        "user-agent": "PostmanRuntime/7.56.1",
        "accept": "*/*",
        "cache-control": "no-cache",
        "postman-token": "9366ef41-220e-4723-a5ef-46feeaad9887",
        "host": "localhost:3000",
        "accept-encoding": "gzip, deflate, br",
        "connection": "keep-alive"
    },
    "statusCode": 200,
    "responseTime": "6ms"
}
===============================================================================================
===============================================================================================

{
    "time": "2026-08-25T09:51:56.268Z",
    "method": "GET",
    "url": "/api/v1/tours/",
    "ip": "::1",
    "params": {},
    "query": {},
    "body": {},
    "headers": {
        "user-agent": "PostmanRuntime/7.56.1",
        "accept": "*/*",
        "cache-control": "no-cache",
        "postman-token": "c4b354ac-282c-4991-8d1d-9d038ba47ed1",
        "host": "localhost:3000",
        "accept-encoding": "gzip, deflate, br",
        "connection": "keep-alive"
    },
    "statusCode": 200,
    "responseTime": "6ms"
}
===============================================================================================
===============================================================================================

{
    "time": "2026-08-25T09:51:57.067Z",
    "method": "GET",
    "url": "/api/v1/tours/",
    "ip": "::1",
    "params": {},
    "query": {},
    "body": {},
    "headers": {
        "user-agent": "PostmanRuntime/7.56.1",
        "accept": "*/*",
        "cache-control": "no-cache",
        "postman-token": "7973f538-ccdf-4967-8806-155ff98fdc28",
        "host": "localhost:3000",
        "accept-encoding": "gzip, deflate, br",
        "connection": "keep-alive"
    },
    "statusCode": 200,
    "responseTime": "7ms"
}
===============================================================================================
===============================================================================================

{
    "time": "2026-08-25T09:51:57.798Z",
    "method": "GET",
    "url": "/api/v1/tours/",
    "ip": "::1",
    "params": {},
    "query": {},
    "body": {},
    "headers": {
        "user-agent": "PostmanRuntime/7.56.1",
        "accept": "*/*",
        "cache-control": "no-cache",
        "postman-token": "0f5fab9d-cc6b-4133-b078-5379e0f45e87",
        "host": "localhost:3000",
        "accept-encoding": "gzip, deflate, br",
        "connection": "keep-alive"
    },
    "statusCode": 200,
    "responseTime": "6ms"
}
===============================================================================================
===============================================================================================

{
    "time": "2026-08-25T09:51:58.492Z",
    "method": "GET",
    "url": "/api/v1/tours/",
    "ip": "::1",
    "params": {},
    "query": {},
    "body": {},
    "headers": {
        "user-agent": "PostmanRuntime/7.56.1",
        "accept": "*/*",
        "cache-control": "no-cache",
        "postman-token": "c84d1416-b8f5-4746-b2cf-5ecb5086a682",
        "host": "localhost:3000",
        "accept-encoding": "gzip, deflate, br",
        "connection": "keep-alive"
    },
    "statusCode": 200,
    "responseTime": "5ms"
}
===============================================================================================
===============================================================================================

{
    "time": "2026-08-25T09:51:59.189Z",
    "method": "GET",
    "url": "/api/v1/tours/",
    "ip": "::1",
    "params": {},
    "query": {},
    "body": {},
    "headers": {
        "user-agent": "PostmanRuntime/7.56.1",
        "accept": "*/*",
        "cache-control": "no-cache",
        "postman-token": "74367688-af80-4f3d-a52c-f73a98b8d26c",
        "host": "localhost:3000",
        "accept-encoding": "gzip, deflate, br",
        "connection": "keep-alive"
    },
    "statusCode": 200,
    "responseTime": "4ms"
}
===============================================================================================
===============================================================================================

{
    "time": "2026-08-25T09:51:59.941Z",
    "method": "GET",
    "url": "/api/v1/tours/",
    "ip": "::1",
    "params": {},
    "query": {},
    "body": {},
    "headers": {
        "user-agent": "PostmanRuntime/7.56.1",
        "accept": "*/*",
        "cache-control": "no-cache",
        "postman-token": "bfb35f1a-69c9-419f-bf31-d5f74ad62269",
        "host": "localhost:3000",
        "accept-encoding": "gzip, deflate, br",
        "connection": "keep-alive"
    },
    "statusCode": 200,
    "responseTime": "5ms"
}
===============================================================================================
===============================================================================================

{
    "time": "2026-08-25T09:52:00.641Z",
    "method": "GET",
    "url": "/api/v1/tours/",
    "ip": "::1",
    "params": {},
    "query": {},
    "body": {},
    "headers": {
        "user-agent": "PostmanRuntime/7.56.1",
        "accept": "*/*",
        "cache-control": "no-cache",
        "postman-token": "41f8d213-7487-4133-a5e7-6a3274e0d900",
        "host": "localhost:3000",
        "accept-encoding": "gzip, deflate, br",
        "connection": "keep-alive"
    },
    "statusCode": 200,
    "responseTime": "5ms"
}
===============================================================================================
===============================================================================================

{
    "time": "2026-08-25T09:52:01.365Z",
    "method": "GET",
    "url": "/api/v1/tours/",
    "ip": "::1",
    "params": {},
    "query": {},
    "body": {},
    "headers": {
        "user-agent": "PostmanRuntime/7.56.1",
        "accept": "*/*",
        "cache-control": "no-cache",
        "postman-token": "43aa2fa1-9a0c-4733-8b67-789d4941d06b",
        "host": "localhost:3000",
        "accept-encoding": "gzip, deflate, br",
        "connection": "keep-alive"
    },
    "statusCode": 200,
    "responseTime": "7ms"
}
===============================================================================================
===============================================================================================

{
    "time": "2026-08-25T09:52:02.028Z",
    "method": "GET",
    "url": "/api/v1/tours/",
    "ip": "::1",
    "params": {},
    "query": {},
    "body": {},
    "headers": {
        "user-agent": "PostmanRuntime/7.56.1",
        "accept": "*/*",
        "cache-control": "no-cache",
        "postman-token": "46d38f5f-d1ef-48d6-a6c5-8468f7736ab1",
        "host": "localhost:3000",
        "accept-encoding": "gzip, deflate, br",
        "connection": "keep-alive"
    },
    "statusCode": 200,
    "responseTime": "6ms"
}
===============================================================================================
===============================================================================================

{
    "time": "2026-08-25T09:52:03.130Z",
    "method": "GET",
    "url": "/api/v1/tours/",
    "ip": "::1",
    "params": {},
    "query": {},
    "body": {},
    "headers": {
        "user-agent": "PostmanRuntime/7.56.1",
        "accept": "*/*",
        "cache-control": "no-cache",
        "postman-token": "e52f61f1-e466-4477-b18a-77455e7e5777",
        "host": "localhost:3000",
        "accept-encoding": "gzip, deflate, br",
        "connection": "keep-alive"
    },
    "statusCode": 200,
    "responseTime": "5ms"
}
===============================================================================================
===============================================================================================

{
    "time": "2026-08-25T09:52:03.867Z",
    "method": "GET",
    "url": "/api/v1/tours/",
    "ip": "::1",
    "params": {},
    "query": {},
    "body": {},
    "headers": {
        "user-agent": "PostmanRuntime/7.56.1",
        "accept": "*/*",
        "cache-control": "no-cache",
        "postman-token": "946e874d-a53f-4995-99d4-9fb33546f53b",
        "host": "localhost:3000",
        "accept-encoding": "gzip, deflate, br",
        "connection": "keep-alive"
    },
    "statusCode": 200,
    "responseTime": "6ms"
}
===============================================================================================
===============================================================================================

{
    "time": "2026-08-25T09:52:04.706Z",
    "method": "GET",
    "url": "/api/v1/tours/",
    "ip": "::1",
    "params": {},
    "query": {},
    "body": {},
    "headers": {
        "user-agent": "PostmanRuntime/7.56.1",
        "accept": "*/*",
        "cache-control": "no-cache",
        "postman-token": "e9eea2d6-020a-4391-9c6c-75331388debb",
        "host": "localhost:3000",
        "accept-encoding": "gzip, deflate, br",
        "connection": "keep-alive"
    },
    "statusCode": 200,
    "responseTime": "5ms"
}
===============================================================================================
===============================================================================================

{
    "time": "2026-08-25T09:52:05.413Z",
    "method": "GET",
    "url": "/api/v1/tours/",
    "ip": "::1",
    "params": {},
    "query": {},
    "body": {},
    "headers": {
        "user-agent": "PostmanRuntime/7.56.1",
        "accept": "*/*",
        "cache-control": "no-cache",
        "postman-token": "b5d640bd-f773-46e3-ae47-6ae1eb7e1f57",
        "host": "localhost:3000",
        "accept-encoding": "gzip, deflate, br",
        "connection": "keep-alive"
    },
    "statusCode": 200,
    "responseTime": "6ms"
}
===============================================================================================
===============================================================================================

{
    "time": "2026-08-25T09:52:06.133Z",
    "method": "GET",
    "url": "/api/v1/tours/",
    "ip": "::1",
    "params": {},
    "query": {},
    "body": {},
    "headers": {
        "user-agent": "PostmanRuntime/7.56.1",
        "accept": "*/*",
        "cache-control": "no-cache",
        "postman-token": "bd183daf-e1b6-4f81-a3ef-8008f35c0d02",
        "host": "localhost:3000",
        "accept-encoding": "gzip, deflate, br",
        "connection": "keep-alive"
    },
    "statusCode": 200,
    "responseTime": "5ms"
}
===============================================================================================
===============================================================================================

{
    "time": "2026-08-25T10:30:51.586Z",
    "method": "POST",
    "url": "/api/v1/auth/login",
    "ip": "::1",
    "params": {},
    "query": {},
    "body": {
        "email": "yashkacha123@gmail.com"
    },
    "headers": {
        "content-type": "application/json",
        "user-agent": "PostmanRuntime/7.56.1",
        "accept": "*/*",
        "cache-control": "no-cache",
        "postman-token": "1e920260-1acf-4cec-9598-973b1b086633",
        "host": "localhost:3000",
        "accept-encoding": "gzip, deflate, br",
        "connection": "keep-alive",
        "content-length": "78"
    },
    "statusCode": 200,
    "responseTime": "335ms"
}
===============================================================================================
===============================================================================================

{
    "time": "2026-08-25T10:31:23.404Z",
    "method": "GET",
    "url": "/api/v1/tours/?name=Yash%20Kacha",
    "ip": "::1",
    "params": {},
    "query": {
        "name": "Yash Kacha"
    },
    "body": {},
    "headers": {
        "user-agent": "PostmanRuntime/7.56.1",
        "accept": "*/*",
        "cache-control": "no-cache",
        "postman-token": "0e47376d-0066-4e99-b62f-42aede9f7229",
        "host": "localhost:3000",
        "accept-encoding": "gzip, deflate, br",
        "connection": "keep-alive"
    },
    "statusCode": 404,
    "responseTime": "14ms"
}
===============================================================================================
===============================================================================================

{
    "time": "2026-08-25T10:32:03.856Z",
    "method": "GET",
    "url": "/api/v1/tours/?name=The%20Forest%20Hiker",
    "ip": "::1",
    "params": {},
    "query": {
        "name": "The Forest Hiker"
    },
    "body": {},
    "headers": {
        "user-agent": "PostmanRuntime/7.56.1",
        "accept": "*/*",
        "cache-control": "no-cache",
        "postman-token": "91f4a75d-cca0-47c2-9b93-d3611f0f915e",
        "host": "localhost:3000",
        "accept-encoding": "gzip, deflate, br",
        "connection": "keep-alive"
    },
    "statusCode": 200,
    "responseTime": "7ms"
}
===============================================================================================
===============================================================================================

{
    "time": "2026-08-25T11:46:08.359Z",
    "method": "POST",
    "url": "/api/v1/auth/singup",
    "ip": "::1",
    "params": {},
    "query": {},
    "body": {
        "name": "admin",
        "email": "admin@gmail.com",
        "photo": "user1.jpg",
        "passwordChangeAt": "2026-08-24",
        "role": "admin"
    },
    "headers": {
        "content-type": "application/json",
        "user-agent": "PostmanRuntime/7.56.1",
        "accept": "*/*",
        "cache-control": "no-cache",
        "postman-token": "e8b9ef5f-d937-45a9-ab0b-27959025aaae",
        "host": "localhost:3000",
        "accept-encoding": "gzip, deflate, br",
        "connection": "keep-alive",
        "content-length": "211"
    },
    "statusCode": 201,
    "responseTime": "335ms"
}
===============================================================================================
===============================================================================================

{
    "time": "2026-08-25T11:46:28.476Z",
    "method": "POST",
    "url": "/api/v1/auth/login",
    "ip": "::1",
    "params": {},
    "query": {},
    "body": {
        "email": "admin@gmail.com"
    },
    "headers": {
        "content-type": "application/json",
        "user-agent": "PostmanRuntime/7.56.1",
        "accept": "*/*",
        "cache-control": "no-cache",
        "postman-token": "4be234bb-0c30-45ab-81a5-5e68f64de774",
        "host": "localhost:3000",
        "accept-encoding": "gzip, deflate, br",
        "connection": "keep-alive",
        "content-length": "68"
    },
    "statusCode": 200,
    "responseTime": "319ms"
}
===============================================================================================
===============================================================================================

{
    "time": "2026-08-25T11:46:42.982Z",
    "method": "POST",
    "url": "/api/v1/tours",
    "ip": "::1",
    "params": {},
    "query": {},
    "body": {
        "0": {
            "startLocation": {
                "description": "Miami, USA",
                "type": "Point",
                "coordinates": [
                    -80.185942,
                    25.774772
                ],
                "address": "301 Biscayne Blvd, Miami, FL 33132, USA"
            },
            "ratingsAverage": 4.8,
            "ratingsQuantity": 6,
            "images": [
                "tour-2-1.jpg",
                "tour-2-2.jpg",
                "tour-2-3.jpg"
            ],
            "startDates": [
                "2021-06-19T09:00:00.000Z",
                "2021-07-20T09:00:00.000Z",
                "2021-08-18T09:00:00.000Z"
            ],
            "_id": "5c88fa8cf4afda39709c2955",
            "name": "The Sea Explorer",
            "duration": 7,
            "maxGroupSize": 15,
            "difficulty": "medium",
            "guides": [
                "5c8a22c62f8fb814b56fa18b",
                "5c8a1f4e2f8fb814b56fa185"
            ],
            "price": 497,
            "summary": "Exploring the jaw-dropping US east coast by foot and by boat",
            "description": "Consectetur adipisicing elit, sed do eiusmod tempor incididunt ut labore et dolore magna aliqua. Excepteur sint occaecat cupidatat non proident, sunt in culpa qui officia deserunt mollit anim id est laborum.\nIrure dolor in reprehenderit in voluptate velit esse cillum dolore eu fugiat nulla pariatur. Excepteur sint occaecat cupidatat non proident, sunt in culpa qui officia deserunt mollit anim id est laborum. Lorem ipsum dolor sit amet, consectetur adipisicing elit, sed do eiusmod tempor incididunt ut labore et dolore magna aliqua. Duis aute irure dolor in reprehenderit in voluptate velit esse cillum dolore eu fugiat nulla pariatur.",
            "imageCover": "tour-2-cover.jpg",
            "locations": [
                {
                    "_id": "5c88fa8cf4afda39709c2959",
                    "description": "Lummus Park Beach",
                    "type": "Point",
                    "coordinates": [
                        -80.128473,
                        25.781842
                    ],
                    "day": 1
                },
                {
                    "_id": "5c88fa8cf4afda39709c2958",
                    "description": "Islamorada",
                    "type": "Point",
                    "coordinates": [
                        -80.647885,
                        24.909047
                    ],
                    "day": 2
                },
                {
                    "_id": "5c88fa8cf4afda39709c2957",
                    "description": "Sombrero Beach",
                    "type": "Point",
                    "coordinates": [
                        -81.0784,
                        24.707496
                    ],
                    "day": 3
                },
                {
                    "_id": "5c88fa8cf4afda39709c2956",
                    "description": "West Key",
                    "type": "Point",
                    "coordinates": [
                        -81.768719,
                        24.552242
                    ],
                    "day": 5
                }
            ]
        },
        "1": {
            "startLocation": {
                "description": "Banff, CAN",
                "type": "Point",
                "coordinates": [
                    -115.570154,
                    51.178456
                ],
                "address": "224 Banff Ave, Banff, AB, Canada"
            },
            "ratingsAverage": 5,
            "ratingsQuantity": 9,
            "images": [
                "tour-1-1.jpg",
                "tour-1-2.jpg",
                "tour-1-3.jpg"
            ],
            "startDates": [
                "2021-04-25T09:00:00.000Z",
                "2021-07-20T09:00:00.000Z",
                "2021-10-05T09:00:00.000Z"
            ],
            "_id": "5c88fa8cf4afda39709c2951",
            "name": "The Forest Hiker",
            "duration": 5,
            "maxGroupSize": 25,
            "difficulty": "easy",
            "guides": [
                "5c8a21d02f8fb814b56fa189",
                "5c8a201e2f8fb814b56fa186",
                "5c8a1f292f8fb814b56fa184"
            ],
            "price": 397,
            "summary": "Breathtaking hike through the Canadian Banff National Park",
            "description": "Ut enim ad minim veniam, quis nostrud exercitation ullamco laboris nisi ut aliquip ex ea commodo consequat. Duis aute irure dolor in reprehenderit in voluptate velit esse cillum dolore eu fugiat nulla pariatur.\nLorem ipsum dolor sit amet, consectetur adipisicing elit, sed do eiusmod tempor incididunt ut labore et dolore magna aliqua. Excepteur sint occaecat cupidatat non proident, sunt in culpa qui officia deserunt mollit anim id est laborum.",
            "imageCover": "tour-1-cover.jpg",
            "locations": [
                {
                    "_id": "5c88fa8cf4afda39709c2954",
                    "description": "Banff National Park",
                    "type": "Point",
                    "coordinates": [
                        -116.214531,
                        51.417611
                    ],
                    "day": 1
                },
                {
                    "_id": "5c88fa8cf4afda39709c2953",
                    "description": "Jasper National Park",
                    "type": "Point",
                    "coordinates": [
                        -118.076152,
                        52.875223
                    ],
                    "day": 3
                },
                {
                    "_id": "5c88fa8cf4afda39709c2952",
                    "description": "Glacier National Park of Canada",
                    "type": "Point",
                    "coordinates": [
                        -117.490309,
                        51.261937
                    ],
                    "day": 5
                }
            ]
        },
        "2": {
            "startLocation": {
                "description": "Aspen, USA",
                "type": "Point",
                "coordinates": [
                    -106.822318,
                    39.190872
                ],
                "address": "419 S Mill St, Aspen, CO 81611, USA"
            },
            "ratingsAverage": 4.5,
            "ratingsQuantity": 6,
            "images": [
                "tour-3-1.jpg",
                "tour-3-2.jpg",
                "tour-3-3.jpg"
            ],
            "startDates": [
                "2022-01-05T10:00:00.000Z",
                "2022-02-12T10:00:00.000Z",
                "2023-01-06T10:00:00.000Z"
            ],
            "_id": "5c88fa8cf4afda39709c295a",
            "name": "The Snow Adventurer",
            "duration": 4,
            "maxGroupSize": 10,
            "difficulty": "difficult",
            "guides": [
                "5c8a21d02f8fb814b56fa189",
                "5c8a23412f8fb814b56fa18c",
                "5c8a1f4e2f8fb814b56fa185"
            ],
            "price": 997,
            "summary": "Exciting adventure in the snow with snowboarding and skiing",
            "description": "Sed do eiusmod tempor incididunt ut labore et dolore magna aliqua, ut enim ad minim veniam, quis nostrud exercitation ullamco laboris nisi ut aliquip ex ea commodo consequat. cupidatat non proident, sunt in culpa qui officia deserunt mollit anim id est laborum!\nDolor in reprehenderit in voluptate velit esse cillum dolore eu fugiat nulla pariatur, exercitation ullamco laboris nisi ut aliquip. Lorem ipsum dolor sit amet, consectetur adipisicing elit!",
            "imageCover": "tour-3-cover.jpg",
            "locations": [
                {
                    "_id": "5c88fa8cf4afda39709c295c",
                    "description": "Aspen Highlands",
                    "type": "Point",
                    "coordinates": [
                        -106.855385,
                        39.182677
                    ],
                    "day": 1
                },
                {
                    "_id": "5c88fa8cf4afda39709c295b",
                    "description": "Beaver Creek",
                    "type": "Point",
                    "coordinates": [
                        -106.516623,
                        39.60499
                    ],
                    "day": 2
                }
            ]
        },
        "3": {
            "startLocation": {
                "description": "Las Vegas, USA",
                "type": "Point",
                "coordinates": [
                    -115.172652,
                    36.110904
                ],
                "address": "3663 S Las Vegas Blvd, Las Vegas, NV 89109, USA"
            },
            "ratingsAverage": 4.7,
            "ratingsQuantity": 7,
            "images": [
                "tour-5-1.jpg",
                "tour-5-2.jpg",
                "tour-5-3.jpg"
            ],
            "startDates": [
                "2021-08-05T09:00:00.000Z",
                "2022-03-20T10:00:00.000Z",
                "2022-08-12T09:00:00.000Z"
            ],
            "_id": "5c88fa8cf4afda39709c2961",
            "name": "The Park Camper",
            "duration": 10,
            "maxGroupSize": 15,
            "difficulty": "medium",
            "guides": [
                "5c8a21f22f8fb814b56fa18a",
                "5c8a23412f8fb814b56fa18c",
                "5c8a201e2f8fb814b56fa186"
            ],
            "price": 1497,
            "summary": "Breathing in Nature in America's most spectacular National Parks",
            "description": "Lorem ipsum dolor sit amet, consectetur adipisicing elit, sed do eiusmod tempor incididunt ut labore et dolore magna aliqua. Ut enim ad minim veniam, quis nostrud exercitation ullamco laboris nisi ut aliquip ex ea commodo consequat. Duis aute irure dolor in reprehenderit in voluptate velit esse cillum dolore eu fugiat nulla pariatur.\nDuis aute irure dolor in reprehenderit in voluptate velit esse cillum dolore eu fugiat nulla pariatur. Excepteur sint occaecat cupidatat non proident, sunt in culpa qui officia deserunt mollit anim id est laborum!",
            "imageCover": "tour-5-cover.jpg",
            "locations": [
                {
                    "_id": "5c88fa8cf4afda39709c2965",
                    "description": "Zion Canyon National Park",
                    "type": "Point",
                    "coordinates": [
                        -112.987418,
                        37.198125
                    ],
                    "day": 1
                },
                {
                    "_id": "5c88fa8cf4afda39709c2964",
                    "description": "Antelope Canyon",
                    "type": "Point",
                    "coordinates": [
                        -111.376161,
                        36.86438
                    ],
                    "day": 4
                },
                {
                    "_id": "5c88fa8cf4afda39709c2963",
                    "description": "Grand Canyon National Park",
                    "type": "Point",
                    "coordinates": [
                        -112.115763,
                        36.058973
                    ],
                    "day": 5
                },
                {
                    "_id": "5c88fa8cf4afda39709c2962",
                    "description": "Joshua Tree National Park",
                    "type": "Point",
                    "coordinates": [
                        -116.107963,
                        34.011646
                    ],
                    "day": 9
                }
            ]
        },
        "4": {
            "startLocation": {
                "description": "NYC, USA",
                "type": "Point",
                "coordinates": [
                    -73.985141,
                    40.75894
                ],
                "address": "Manhattan, NY 10036, USA"
            },
            "ratingsAverage": 4.6,
            "ratingsQuantity": 5,
            "images": [
                "tour-4-1.jpg",
                "tour-4-2.jpg",
                "tour-4-3.jpg"
            ],
            "startDates": [
                "2021-03-11T10:00:00.000Z",
                "2021-05-02T09:00:00.000Z",
                "2021-06-09T09:00:00.000Z"
            ],
            "_id": "5c88fa8cf4afda39709c295d",
            "name": "The City Wanderer",
            "duration": 9,
            "maxGroupSize": 20,
            "difficulty": "easy",
            "guides": [
                "5c8a22c62f8fb814b56fa18b",
                "5c8a201e2f8fb814b56fa186"
            ],
            "price": 1197,
            "summary": "Living the life of Wanderlust in the US' most beatiful cities",
            "description": "Excepteur sint occaecat cupidatat non proident, sunt in culpa qui officia deserunt mollit anim id est laborum. Ut enim ad minim veniam, quis nostrud exercitation ullamco laboris nisi ut aliquip ex ea commodo consequat lorem ipsum dolor sit amet.\nConsectetur adipisicing elit, sed do eiusmod tempor incididunt ut labore et dolore magna aliqua. Duis aute irure dolor in reprehenderit in voluptate velit esse cillum dolore eu fugiat nulla pariatur, nostrud exercitation ullamco laboris nisi ut aliquip ex ea commodo consequat!",
            "imageCover": "tour-4-cover.jpg",
            "locations": [
                {
                    "_id": "5c88fa8cf4afda39709c2960",
                    "description": "New York",
                    "type": "Point",
                    "coordinates": [
                        -73.967696,
                        40.781821
                    ],
                    "day": 1
                },
                {
                    "_id": "5c88fa8cf4afda39709c295f",
                    "description": "Los Angeles",
                    "type": "Point",
                    "coordinates": [
                        -118.324396,
                        34.097984
                    ],
                    "day": 3
                },
                {
                    "_id": "5c88fa8cf4afda39709c295e",
                    "description": "San Francisco",
                    "type": "Point",
                    "coordinates": [
                        -122.408865,
                        37.787825
                    ],
                    "day": 5
                }
            ]
        },
        "5": {
            "startLocation": {
                "description": "California, USA",
                "type": "Point",
                "coordinates": [
                    -118.803461,
                    34.006072
                ],
                "address": "29130 Cliffside Dr, Malibu, CA 90265, USA"
            },
            "ratingsAverage": 3.9,
            "ratingsQuantity": 7,
            "images": [
                "tour-6-1.jpg",
                "tour-6-2.jpg",
                "tour-6-3.jpg"
            ],
            "startDates": [
                "2021-07-19T09:00:00.000Z",
                "2021-09-06T09:00:00.000Z",
                "2022-03-18T10:00:00.000Z"
            ],
            "_id": "5c88fa8cf4afda39709c2966",
            "name": "The Sports Lover",
            "duration": 14,
            "maxGroupSize": 8,
            "difficulty": "difficult",
            "guides": [
                "5c8a21f22f8fb814b56fa18a",
                "5c8a1f292f8fb814b56fa184",
                "5c8a1f4e2f8fb814b56fa185"
            ],
            "price": 2997,
            "summary": "Surfing, skating, parajumping, rock climbing and more, all in one tour",
            "description": "Nisi ut aliquip ex ea commodo consequat. Duis aute irure dolor in reprehenderit in voluptate velit esse cillum dolore eu fugiat nulla pariatur. Lorem ipsum dolor sit amet, consectetur adipisicing elit, sed do eiusmod tempor incididunt ut labore et dolore magna aliqua. Ut enim ad minim veniam, quis nostrud exercitation ullamco laboris nisi ut aliquip ex ea commodo consequat.\nVoluptate velit esse cillum dolore eu fugiat nulla pariatur. Excepteur sint occaecat cupidatat non proident, sunt in culpa qui officia deserunt mollit anim id est laborum. Quis nostrud exercitation ullamco laboris nisi ut aliquip ex ea commodo consequat. Duis aute irure dolor in reprehenderit in voluptate velit esse cillum dolore eu fugiat nulla pariatur!",
            "imageCover": "tour-6-cover.jpg",
            "locations": [
                {
                    "_id": "5c88fa8cf4afda39709c296b",
                    "description": "Point Dume Beach",
                    "type": "Point",
                    "coordinates": [
                        -118.809361,
                        34.003098
                    ],
                    "day": 1
                },
                {
                    "_id": "5c88fa8cf4afda39709c296a",
                    "description": "Venice Skate Park",
                    "type": "Point",
                    "coordinates": [
                        -118.47549,
                        33.987367
                    ],
                    "day": 4
                },
                {
                    "_id": "5c88fa8cf4afda39709c2969",
                    "description": "San Diego Skydive",
                    "type": "Point",
                    "coordinates": [
                        -116.830104,
                        33.022843
                    ],
                    "day": 6
                },
                {
                    "_id": "5c88fa8cf4afda39709c2968",
                    "description": "Kern River Rafting",
                    "type": "Point",
                    "coordinates": [
                        -118.4547,
                        35.710359
                    ],
                    "day": 7
                },
                {
                    "_id": "5c88fa8cf4afda39709c2967",
                    "description": "Yosemite National Park",
                    "type": "Point",
                    "coordinates": [
                        -119.600492,
                        37.742371
                    ],
                    "day": 10
                }
            ]
        },
        "6": {
            "startLocation": {
                "description": "Utah, USA",
                "type": "Point",
                "coordinates": [
                    -109.55099,
                    37.283469
                ],
                "address": "Bluff, UT 84512, USA"
            },
            "ratingsAverage": 4.8,
            "ratingsQuantity": 6,
            "images": [
                "tour-8-1.jpg",
                "tour-8-2.jpg",
                "tour-8-3.jpg"
            ],
            "startDates": [
                "2021-03-23T10:00:00.000Z",
                "2021-10-25T09:00:00.000Z",
                "2022-01-30T10:00:00.000Z"
            ],
            "_id": "5c88fa8cf4afda39709c2970",
            "name": "The Star Gazer",
            "duration": 9,
            "maxGroupSize": 8,
            "difficulty": "medium",
            "guides": [
                "5c8a21d02f8fb814b56fa189",
                "5c8a1f292f8fb814b56fa184"
            ],
            "price": 2997,
            "summary": "The most remote and stunningly beautiful places for seeing the night sky",
            "description": "Ut enim ad minim veniam, quis nostrud exercitation ullamco laboris nisi ut aliquip ex ea commodo consequat. Duis aute irure dolor in reprehenderit in voluptate velit esse cillum dolore eu fugiat nulla pariatur.\nLorem ipsum dolor sit amet, consectetur adipisicing elit, sed do eiusmod tempor incididunt ut labore et dolore magna aliqua. Excepteur sint occaecat cupidatat non proident, sunt in culpa qui officia deserunt mollit anim id est laborum.",
            "imageCover": "tour-8-cover.jpg",
            "locations": [
                {
                    "_id": "5c88fa8cf4afda39709c2973",
                    "description": "Natural Bridges National Monument",
                    "type": "Point",
                    "coordinates": [
                        -109.99953,
                        37.629017
                    ],
                    "day": 1
                },
                {
                    "_id": "5c88fa8cf4afda39709c2972",
                    "description": "Horseshoe Bend",
                    "type": "Point",
                    "coordinates": [
                        -111.50954,
                        36.883269
                    ],
                    "day": 3
                },
                {
                    "_id": "5c88fa8cf4afda39709c2971",
                    "description": "Death Valley National Park",
                    "type": "Point",
                    "coordinates": [
                        -117.07399,
                        36.501435
                    ],
                    "day": 6
                }
            ]
        },
        "7": {
            "startLocation": {
                "description": "Yellowknife, CAN",
                "type": "Point",
                "coordinates": [
                    -114.406097,
                    62.439943
                ],
                "address": "Yellowknife, NT X1A 2L2, Canada"
            },
            "ratingsAverage": 4.7,
            "ratingsQuantity": 7,
            "images": [
                "tour-9-1.jpg",
                "tour-9-2.jpg",
                "tour-9-3.jpg"
            ],
            "startDates": [
                "2021-12-16T10:00:00.000Z",
                "2022-01-16T10:00:00.000Z",
                "2022-12-12T10:00:00.000Z"
            ],
            "_id": "5c88fa8cf4afda39709c2974",
            "name": "The Northern Lights",
            "duration": 3,
            "maxGroupSize": 12,
            "difficulty": "easy",
            "guides": [
                "5c8a21f22f8fb814b56fa18a",
                "5c8a201e2f8fb814b56fa186",
                "5c8a23412f8fb814b56fa18c"
            ],
            "price": 1497,
            "summary": "Enjoy the Northern Lights in one of the best places in the world",
            "description": "Sed do eiusmod tempor incididunt ut labore et dolore magna aliqua, ut enim ad minim veniam, quis nostrud exercitation ullamco laboris nisi ut aliquip ex ea commodo consequat. cupidatat non proident, sunt in culpa qui officia deserunt mollit anim id est laborum!\nDolor in reprehenderit in voluptate velit esse cillum dolore eu fugiat nulla pariatur, exercitation ullamco laboris nisi ut aliquip. Lorem ipsum dolor sit amet, consectetur adipisicing elit!",
            "imageCover": "tour-9-cover.jpg",
            "locations": [
                {
                    "_id": "5c88fa8cf4afda39709c2975",
                    "description": "Yellowknife",
                    "type": "Point",
                    "coordinates": [
                        -114.406097,
                        62.439943
                    ],
                    "day": 1
                }
            ]
        },
        "8": {
            "startLocation": {
                "description": "California, USA",
                "type": "Point",
                "coordinates": [
                    -122.29286,
                    38.294065
                ],
                "address": "560 Jefferson St, Napa, CA 94559, USA"
            },
            "ratingsAverage": 4.4,
            "ratingsQuantity": 7,
            "images": [
                "tour-7-1.jpg",
                "tour-7-2.jpg",
                "tour-7-3.jpg"
            ],
            "startDates": [
                "2021-02-12T10:00:00.000Z",
                "2021-04-14T09:00:00.000Z",
                "2021-09-01T09:00:00.000Z"
            ],
            "_id": "5c88fa8cf4afda39709c296c",
            "name": "The Wine Taster",
            "duration": 5,
            "maxGroupSize": 8,
            "difficulty": "easy",
            "guides": [
                "5c8a22c62f8fb814b56fa18b",
                "5c8a23412f8fb814b56fa18c"
            ],
            "price": 1997,
            "summary": "Exquisite wines, scenic views, exclusive barrel tastings,  and much more",
            "description": "Consectetur adipisicing elit, sed do eiusmod tempor incididunt ut labore et dolore magna aliqua. Excepteur sint occaecat cupidatat non proident, sunt in culpa qui officia deserunt mollit anim id est laborum.\nIrure dolor in reprehenderit in voluptate velit esse cillum dolore eu fugiat nulla pariatur. Excepteur sint occaecat cupidatat non proident, sunt in culpa qui officia deserunt mollit anim id est laborum. Lorem ipsum dolor sit amet, consectetur adipisicing elit, sed do eiusmod tempor incididunt ut labore et dolore magna aliqua. Duis aute irure dolor in reprehenderit in voluptate velit esse cillum dolore eu fugiat nulla pariatur.",
            "imageCover": "tour-7-cover.jpg",
            "locations": [
                {
                    "_id": "5c88fa8cf4afda39709c296f",
                    "description": "Beringer Vineyards",
                    "type": "Point",
                    "coordinates": [
                        -122.479887,
                        38.510312
                    ],
                    "day": 1
                },
                {
                    "_id": "5c88fa8cf4afda39709c296e",
                    "description": "Clos Pegase Winery & Tasting Room",
                    "type": "Point",
                    "coordinates": [
                        -122.582948,
                        38.585707
                    ],
                    "day": 3
                },
                {
                    "_id": "5c88fa8cf4afda39709c296d",
                    "description": "Raymond Vineyard and Cellar",
                    "type": "Point",
                    "coordinates": [
                        -122.434697,
                        38.482181
                    ],
                    "day": 5
                }
            ]
        }
    },
    "headers": {
        "content-type": "application/json",
        "user-agent": "PostmanRuntime/7.56.1",
        "accept": "*/*",
        "cache-control": "no-cache",
        "postman-token": "12047e90-282d-4ae7-bf1f-ec677114aa45",
        "host": "localhost:3000",
        "accept-encoding": "gzip, deflate, br",
        "connection": "keep-alive",
        "content-length": "18720"
    },
    "statusCode": 201,
    "responseTime": "43ms"
}
===============================================================================================
===============================================================================================

{
    "time": "2026-08-25T11:52:06.585Z",
    "method": "POST",
    "url": "/api/v1/auth/singup",
    "ip": "::1",
    "params": {},
    "query": {},
    "body": {
        "name": "Yash guide",
        "email": "guide1@gmail.com",
        "photo": "user1.jpg",
        "passwordChangeAt": "2026-08-24",
        "role": "admin"
    },
    "headers": {
        "content-type": "application/json",
        "user-agent": "PostmanRuntime/7.56.1",
        "accept": "*/*",
        "cache-control": "no-cache",
        "postman-token": "e0f8e2e7-cce4-4252-9462-85600e60a8e1",
        "host": "localhost:3000",
        "accept-encoding": "gzip, deflate, br",
        "connection": "keep-alive",
        "content-length": "223"
    },
    "statusCode": 201,
    "responseTime": "364ms"
}
===============================================================================================
===============================================================================================

{
    "time": "2026-08-25T11:52:28.526Z",
    "method": "POST",
    "url": "/api/v1/auth/singup",
    "ip": "::1",
    "params": {},
    "query": {},
    "body": {
        "name": "Yash  guide",
        "email": "guide1@gmail.com",
        "photo": "user1.jpg",
        "passwordChangeAt": "2026-08-24",
        "role": "guide"
    },
    "headers": {
        "content-type": "application/json",
        "user-agent": "PostmanRuntime/7.56.1",
        "accept": "*/*",
        "cache-control": "no-cache",
        "postman-token": "711f4615-6649-453d-98cb-664cb7984a23",
        "host": "localhost:3000",
        "accept-encoding": "gzip, deflate, br",
        "connection": "keep-alive",
        "content-length": "224"
    },
    "statusCode": 201,
    "responseTime": "324ms"
}
===============================================================================================
===============================================================================================

{
    "time": "2026-08-25T11:52:39.095Z",
    "method": "POST",
    "url": "/api/v1/auth/singup",
    "ip": "::1",
    "params": {},
    "query": {},
    "body": {
        "name": "Gracy guide",
        "email": "guide2@gmail.com",
        "photo": "user1.jpg",
        "passwordChangeAt": "2026-08-24",
        "role": "guide"
    },
    "headers": {
        "content-type": "application/json",
        "user-agent": "PostmanRuntime/7.56.1",
        "accept": "*/*",
        "cache-control": "no-cache",
        "postman-token": "385783c0-f1f0-446e-a0c4-c5d4b3116b26",
        "host": "localhost:3000",
        "accept-encoding": "gzip, deflate, br",
        "connection": "keep-alive",
        "content-length": "224"
    },
    "statusCode": 201,
    "responseTime": "298ms"
}
===============================================================================================
===============================================================================================

{
    "time": "2026-08-25T11:52:48.501Z",
    "method": "POST",
    "url": "/api/v1/auth/singup",
    "ip": "::1",
    "params": {},
    "query": {},
    "body": {
        "name": "Dhruv guide",
        "email": "guide3@gmail.com",
        "photo": "user1.jpg",
        "passwordChangeAt": "2026-08-24",
        "role": "guide"
    },
    "headers": {
        "content-type": "application/json",
        "user-agent": "PostmanRuntime/7.56.1",
        "accept": "*/*",
        "cache-control": "no-cache",
        "postman-token": "8ea8f921-b819-4e1d-9886-97df4590e974",
        "host": "localhost:3000",
        "accept-encoding": "gzip, deflate, br",
        "connection": "keep-alive",
        "content-length": "224"
    },
    "statusCode": 201,
    "responseTime": "346ms"
}
===============================================================================================
===============================================================================================

{
    "time": "2026-08-25T11:55:10.568Z",
    "method": "GET",
    "url": "/api/v1/tours/",
    "ip": "::1",
    "params": {},
    "query": {},
    "body": {},
    "headers": {
        "user-agent": "PostmanRuntime/7.56.1",
        "accept": "*/*",
        "cache-control": "no-cache",
        "postman-token": "b82e5255-413a-4f96-a434-77688eb80fed",
        "host": "localhost:3000",
        "accept-encoding": "gzip, deflate, br",
        "connection": "keep-alive"
    },
    "statusCode": 200,
    "responseTime": "47ms"
}
===============================================================================================
===============================================================================================

{
    "time": "2026-08-25T11:55:29.402Z",
    "method": "GET",
    "url": "/api/v1/users/",
    "ip": "::1",
    "params": {},
    "query": {},
    "body": {},
    "headers": {
        "user-agent": "PostmanRuntime/7.56.1",
        "accept": "*/*",
        "cache-control": "no-cache",
        "postman-token": "9717af35-4e49-4597-a958-050c299a01ee",
        "host": "localhost:3000",
        "accept-encoding": "gzip, deflate, br",
        "connection": "keep-alive"
    },
    "statusCode": 200,
    "responseTime": "4ms"
}
===============================================================================================
===============================================================================================

{
    "time": "2026-08-25T11:56:10.135Z",
    "method": "POST",
    "url": "/api/v1/tours",
    "ip": "::1",
    "params": {},
    "query": {},
    "body": {
        "startLocation": {
            "description": "San Francisco, USA",
            "type": "Point",
            "coordinates": [
                -122.419416,
                37.774929
            ],
            "address": "1 Market St, San Francisco, CA 94105, USA"
        },
        "ratingsAverage": 4.7,
        "ratingsQuantity": 8,
        "images": [
            "tour-3-1.jpg",
            "tour-3-2.jpg",
            "tour-3-3.jpg"
        ],
        "startDates": [
            "2021-09-15T09:00:00.000Z",
            "2021-10-20T09:00:00.000Z",
            "2021-11-18T09:00:00.000Z"
        ],
        "_id": "5c88fa8cf4afda39709c2960",
        "name": "The Golden Explorer",
        "duration": 6,
        "maxGroupSize": 12,
        "difficulty": "easy",
        "guides": [
            "6a8d8210dae897fd9c8e1ce3",
            "6a8d8206dae897fd9c8e1ce2",
            "6a8d81fcdae897fd9c8e1ce1"
        ],
        "price": 397,
        "summary": "Exploring the beautiful landscapes and famous landmarks of San Francisco",
        "description": "Discover the stunning beauty of San Francisco as we explore its famous streets, breathtaking viewpoints, and beautiful coastal areas. This unforgettable journey combines city exploration with relaxing walks through some of the most iconic places in the Bay Area.",
        "imageCover": "tour-3-cover.jpg",
        "locations": [
            {
                "_id": "5c88fa8cf4afda39709c2961",
                "description": "Golden Gate Bridge",
                "type": "Point",
                "coordinates": [
                    -122.478255,
                    37.819929
                ],
                "day": 1
            },
            {
                "_id": "5c88fa8cf4afda39709c2962",
                "description": "Fisherman's Wharf",
                "type": "Point",
                "coordinates": [
                    -122.417743,
                    37.808003
                ],
                "day": 2
            },
            {
                "_id": "5c88fa8cf4afda39709c2963",
                "description": "Alcatraz Island",
                "type": "Point",
                "coordinates": [
                    -122.423556,
                    37.826977
                ],
                "day": 3
            },
            {
                "_id": "5c88fa8cf4afda39709c2964",
                "description": "Twin Peaks",
                "type": "Point",
                "coordinates": [
                    -122.447689,
                    37.754406
                ],
                "day": 5
            }
        ]
    },
    "headers": {
        "content-type": "application/json",
        "user-agent": "PostmanRuntime/7.56.1",
        "accept": "*/*",
        "cache-control": "no-cache",
        "postman-token": "fd6a5531-34e4-45d1-8e1f-8b3a81c40fc9",
        "host": "localhost:3000",
        "accept-encoding": "gzip, deflate, br",
        "connection": "keep-alive",
        "content-length": "1922"
    },
    "statusCode": 201,
    "responseTime": "19ms"
}
===============================================================================================
===============================================================================================

{
    "time": "2026-08-25T12:02:36.572Z",
    "method": "POST",
    "url": "/api/v1/tours",
    "ip": "::1",
    "params": {},
    "query": {},
    "body": {
        "startLocation": {
            "description": "San Francisco, USA",
            "type": "Point",
            "coordinates": [
                -122.419416,
                37.774929
            ],
            "address": "1 Market St, San Francisco, CA 94105, USA"
        },
        "ratingsAverage": 4.7,
        "ratingsQuantity": 8,
        "images": [
            "tour-3-1.jpg",
            "tour-3-2.jpg",
            "tour-3-3.jpg"
        ],
        "startDates": [
            "2021-09-15T09:00:00.000Z",
            "2021-10-20T09:00:00.000Z",
            "2021-11-18T09:00:00.000Z"
        ],
        "_id": "5c88fa8cf4afda39709c2960",
        "name": "The Golden Explorer",
        "duration": 6,
        "maxGroupSize": 12,
        "difficulty": "easy",
        "guides": [
            "6a8d8210dae897fd9c8e1ce3",
            "6a8d8206dae897fd9c8e1ce2",
            "6a8d81fcdae897fd9c8e1ce1"
        ],
        "price": 397,
        "summary": "Exploring the beautiful landscapes and famous landmarks of San Francisco",
        "description": "Discover the stunning beauty of San Francisco as we explore its famous streets, breathtaking viewpoints, and beautiful coastal areas. This unforgettable journey combines city exploration with relaxing walks through some of the most iconic places in the Bay Area.",
        "imageCover": "tour-3-cover.jpg",
        "locations": [
            {
                "_id": "5c88fa8cf4afda39709c2961",
                "description": "Golden Gate Bridge",
                "type": "Point",
                "coordinates": [
                    -122.478255,
                    37.819929
                ],
                "day": 1
            },
            {
                "_id": "5c88fa8cf4afda39709c2962",
                "description": "Fisherman's Wharf",
                "type": "Point",
                "coordinates": [
                    -122.417743,
                    37.808003
                ],
                "day": 2
            },
            {
                "_id": "5c88fa8cf4afda39709c2963",
                "description": "Alcatraz Island",
                "type": "Point",
                "coordinates": [
                    -122.423556,
                    37.826977
                ],
                "day": 3
            },
            {
                "_id": "5c88fa8cf4afda39709c2964",
                "description": "Twin Peaks",
                "type": "Point",
                "coordinates": [
                    -122.447689,
                    37.754406
                ],
                "day": 5
            }
        ]
    },
    "headers": {
        "content-type": "application/json",
        "user-agent": "PostmanRuntime/7.56.1",
        "accept": "*/*",
        "cache-control": "no-cache",
        "postman-token": "c781e304-f053-49f7-9a50-b59ee4fb1e02",
        "host": "localhost:3000",
        "accept-encoding": "gzip, deflate, br",
        "connection": "keep-alive",
        "content-length": "1922"
    },
    "statusCode": 500,
    "responseTime": "48ms"
}
===============================================================================================
===============================================================================================

{
    "time": "2026-08-25T12:02:55.960Z",
    "method": "POST",
    "url": "/api/v1/tours",
    "ip": "::1",
    "params": {},
    "query": {},
    "body": {
        "startLocation": {
            "description": "San Francisco, USA",
            "type": "Point",
            "coordinates": [
                -122.419416,
                37.774929
            ],
            "address": "1 Market St, San Francisco, CA 94105, USA"
        },
        "ratingsAverage": 4.7,
        "ratingsQuantity": 8,
        "images": [
            "tour-3-1.jpg",
            "tour-3-2.jpg",
            "tour-3-3.jpg"
        ],
        "startDates": [
            "2021-09-15T09:00:00.000Z",
            "2021-10-20T09:00:00.000Z",
            "2021-11-18T09:00:00.000Z"
        ],
        "_id": "5c88fa8cf4afda39709c2960",
        "name": "The Golden Explorer",
        "duration": 6,
        "maxGroupSize": 12,
        "difficulty": "easy",
        "guides": [
            "6a8d8210dae897fd9c8e1ce3",
            "6a8d8206dae897fd9c8e1ce2",
            "6a8d81fcdae897fd9c8e1ce1"
        ],
        "price": 397,
        "summary": "Exploring the beautiful landscapes and famous landmarks of San Francisco",
        "description": "Discover the stunning beauty of San Francisco as we explore its famous streets, breathtaking viewpoints, and beautiful coastal areas. This unforgettable journey combines city exploration with relaxing walks through some of the most iconic places in the Bay Area.",
        "imageCover": "tour-3-cover.jpg",
        "locations": [
            {
                "_id": "5c88fa8cf4afda39709c2961",
                "description": "Golden Gate Bridge",
                "type": "Point",
                "coordinates": [
                    -122.478255,
                    37.819929
                ],
                "day": 1
            },
            {
                "_id": "5c88fa8cf4afda39709c2962",
                "description": "Fisherman's Wharf",
                "type": "Point",
                "coordinates": [
                    -122.417743,
                    37.808003
                ],
                "day": 2
            },
            {
                "_id": "5c88fa8cf4afda39709c2963",
                "description": "Alcatraz Island",
                "type": "Point",
                "coordinates": [
                    -122.423556,
                    37.826977
                ],
                "day": 3
            },
            {
                "_id": "5c88fa8cf4afda39709c2964",
                "description": "Twin Peaks",
                "type": "Point",
                "coordinates": [
                    -122.447689,
                    37.754406
                ],
                "day": 5
            }
        ]
    },
    "headers": {
        "content-type": "application/json",
        "user-agent": "PostmanRuntime/7.56.1",
        "accept": "*/*",
        "cache-control": "no-cache",
        "postman-token": "fe24cf14-9303-4a4e-9dd1-7c356c7f0bb9",
        "host": "localhost:3000",
        "accept-encoding": "gzip, deflate, br",
        "connection": "keep-alive",
        "content-length": "1922"
    },
    "statusCode": 201,
    "responseTime": "52ms"
}
===============================================================================================
===============================================================================================

{
    "time": "2026-08-25T12:10:49.866Z",
    "method": "POST",
    "url": "/api/v1/tours",
    "ip": "::1",
    "params": {},
    "query": {},
    "body": {
        "startLocation": {
            "description": "San Francisco, USA",
            "type": "Point",
            "coordinates": [
                -122.419416,
                37.774929
            ],
            "address": "1 Market St, San Francisco, CA 94105, USA"
        },
        "ratingsAverage": 4.7,
        "ratingsQuantity": 8,
        "images": [
            "tour-3-1.jpg",
            "tour-3-2.jpg",
            "tour-3-3.jpg"
        ],
        "startDates": [
            "2021-09-15T09:00:00.000Z",
            "2021-10-20T09:00:00.000Z",
            "2021-11-18T09:00:00.000Z"
        ],
        "_id": "5c88fa8cf4afda39709c2960",
        "name": "The Golden Explorer",
        "duration": 6,
        "maxGroupSize": 12,
        "difficulty": "easy",
        "guides": [
            "6a8d8210dae897fd9c8e1ce3",
            "6a8d8206dae897fd9c8e1ce2",
            "6a8d81fcdae897fd9c8e1ce1"
        ],
        "price": 397,
        "summary": "Exploring the beautiful landscapes and famous landmarks of San Francisco",
        "description": "Discover the stunning beauty of San Francisco as we explore its famous streets, breathtaking viewpoints, and beautiful coastal areas. This unforgettable journey combines city exploration with relaxing walks through some of the most iconic places in the Bay Area.",
        "imageCover": "tour-3-cover.jpg",
        "locations": [
            {
                "_id": "5c88fa8cf4afda39709c2961",
                "description": "Golden Gate Bridge",
                "type": "Point",
                "coordinates": [
                    -122.478255,
                    37.819929
                ],
                "day": 1
            },
            {
                "_id": "5c88fa8cf4afda39709c2962",
                "description": "Fisherman's Wharf",
                "type": "Point",
                "coordinates": [
                    -122.417743,
                    37.808003
                ],
                "day": 2
            },
            {
                "_id": "5c88fa8cf4afda39709c2963",
                "description": "Alcatraz Island",
                "type": "Point",
                "coordinates": [
                    -122.423556,
                    37.826977
                ],
                "day": 3
            },
            {
                "_id": "5c88fa8cf4afda39709c2964",
                "description": "Twin Peaks",
                "type": "Point",
                "coordinates": [
                    -122.447689,
                    37.754406
                ],
                "day": 5
            }
        ]
    },
    "headers": {
        "content-type": "application/json",
        "user-agent": "PostmanRuntime/7.56.1",
        "accept": "*/*",
        "cache-control": "no-cache",
        "postman-token": "7914f277-a70b-4cc2-8151-6272965bd3e6",
        "host": "localhost:3000",
        "accept-encoding": "gzip, deflate, br",
        "connection": "keep-alive",
        "content-length": "1922"
    },
    "statusCode": 500,
    "responseTime": "41ms"
}
===============================================================================================
===============================================================================================

{
    "time": "2026-08-25T12:12:03.592Z",
    "method": "POST",
    "url": "/api/v1/tours",
    "ip": "::1",
    "params": {},
    "query": {},
    "body": {
        "startLocation": {
            "description": "San Francisco, USA",
            "type": "Point",
            "coordinates": [
                -122.419416,
                37.774929
            ],
            "address": "1 Market St, San Francisco, CA 94105, USA"
        },
        "ratingsAverage": 4.7,
        "ratingsQuantity": 8,
        "images": [
            "tour-3-1.jpg",
            "tour-3-2.jpg",
            "tour-3-3.jpg"
        ],
        "startDates": [
            "2021-09-15T09:00:00.000Z",
            "2021-10-20T09:00:00.000Z",
            "2021-11-18T09:00:00.000Z"
        ],
        "_id": "5c88fa8cf4afda39709c2960",
        "name": "The Golden Explorer",
        "duration": 6,
        "maxGroupSize": 12,
        "difficulty": "easy",
        "guides": [
            "6a8d8210dae897fd9c8e1ce3",
            "6a8d8206dae897fd9c8e1ce2",
            "6a8d81fcdae897fd9c8e1ce1"
        ],
        "price": 397,
        "summary": "Exploring the beautiful landscapes and famous landmarks of San Francisco",
        "description": "Discover the stunning beauty of San Francisco as we explore its famous streets, breathtaking viewpoints, and beautiful coastal areas. This unforgettable journey combines city exploration with relaxing walks through some of the most iconic places in the Bay Area.",
        "imageCover": "tour-3-cover.jpg",
        "locations": [
            {
                "_id": "5c88fa8cf4afda39709c2961",
                "description": "Golden Gate Bridge",
                "type": "Point",
                "coordinates": [
                    -122.478255,
                    37.819929
                ],
                "day": 1
            },
            {
                "_id": "5c88fa8cf4afda39709c2962",
                "description": "Fisherman's Wharf",
                "type": "Point",
                "coordinates": [
                    -122.417743,
                    37.808003
                ],
                "day": 2
            },
            {
                "_id": "5c88fa8cf4afda39709c2963",
                "description": "Alcatraz Island",
                "type": "Point",
                "coordinates": [
                    -122.423556,
                    37.826977
                ],
                "day": 3
            },
            {
                "_id": "5c88fa8cf4afda39709c2964",
                "description": "Twin Peaks",
                "type": "Point",
                "coordinates": [
                    -122.447689,
                    37.754406
                ],
                "day": 5
            }
        ]
    },
    "headers": {
        "content-type": "application/json",
        "user-agent": "PostmanRuntime/7.56.1",
        "accept": "*/*",
        "cache-control": "no-cache",
        "postman-token": "2c55cf96-0ca9-4e81-8a3b-bd492787677b",
        "host": "localhost:3000",
        "accept-encoding": "gzip, deflate, br",
        "connection": "keep-alive",
        "content-length": "1922"
    },
    "statusCode": 201,
    "responseTime": "55ms"
}
===============================================================================================
===============================================================================================

{
    "time": "2026-08-25T12:12:30.576Z",
    "method": "POST",
    "url": "/api/v1/tours",
    "ip": "::1",
    "params": {},
    "query": {},
    "body": {
        "startLocation": {
            "description": "San Francisco, USA",
            "type": "Point",
            "coordinates": [
                -122.419416,
                37.774929
            ],
            "address": "1 Market St, San Francisco, CA 94105, USA"
        },
        "ratingsAverage": 4.7,
        "ratingsQuantity": 8,
        "images": [
            "tour-3-1.jpg",
            "tour-3-2.jpg",
            "tour-3-3.jpg"
        ],
        "startDates": [
            "2021-09-15T09:00:00.000Z",
            "2021-10-20T09:00:00.000Z",
            "2021-11-18T09:00:00.000Z"
        ],
        "_id": "5c88fa8cf4afda39709c2960",
        "name": "The Golden Explorer",
        "duration": 6,
        "maxGroupSize": 12,
        "difficulty": "easy",
        "guides": [
            "6a8d8210dae897fd9c8e1ce3",
            "6a8d8206dae897fd9c8e1ce2",
            "6a8d81fcdae897fd9c8e1ce1"
        ],
        "price": 397,
        "summary": "Exploring the beautiful landscapes and famous landmarks of San Francisco",
        "description": "Discover the stunning beauty of San Francisco as we explore its famous streets, breathtaking viewpoints, and beautiful coastal areas. This unforgettable journey combines city exploration with relaxing walks through some of the most iconic places in the Bay Area.",
        "imageCover": "tour-3-cover.jpg",
        "locations": [
            {
                "_id": "5c88fa8cf4afda39709c2961",
                "description": "Golden Gate Bridge",
                "type": "Point",
                "coordinates": [
                    -122.478255,
                    37.819929
                ],
                "day": 1
            },
            {
                "_id": "5c88fa8cf4afda39709c2962",
                "description": "Fisherman's Wharf",
                "type": "Point",
                "coordinates": [
                    -122.417743,
                    37.808003
                ],
                "day": 2
            },
            {
                "_id": "5c88fa8cf4afda39709c2963",
                "description": "Alcatraz Island",
                "type": "Point",
                "coordinates": [
                    -122.423556,
                    37.826977
                ],
                "day": 3
            },
            {
                "_id": "5c88fa8cf4afda39709c2964",
                "description": "Twin Peaks",
                "type": "Point",
                "coordinates": [
                    -122.447689,
                    37.754406
                ],
                "day": 5
            }
        ]
    },
    "headers": {
        "content-type": "application/json",
        "user-agent": "PostmanRuntime/7.56.1",
        "accept": "*/*",
        "cache-control": "no-cache",
        "postman-token": "0ab9a4ed-2923-4e42-947c-ad08141e2a1b",
        "host": "localhost:3000",
        "accept-encoding": "gzip, deflate, br",
        "connection": "keep-alive",
        "content-length": "1922"
    },
    "statusCode": 201,
    "responseTime": "42ms"
}
===============================================================================================
===============================================================================================

{
    "time": "2026-08-25T12:19:06.949Z",
    "method": "GET",
    "url": "/api/v1/tours/5c88fa8cf4afda39709c2960",
    "ip": "::1",
    "params": {
        "id": "5c88fa8cf4afda39709c2960"
    },
    "query": {},
    "body": {},
    "headers": {
        "user-agent": "PostmanRuntime/7.56.1",
        "accept": "*/*",
        "cache-control": "no-cache",
        "postman-token": "b6a5bbf2-f4c2-4bcc-bada-49b24141af71",
        "host": "localhost:3000",
        "accept-encoding": "gzip, deflate, br",
        "connection": "keep-alive"
    },
    "statusCode": 200,
    "responseTime": "106ms"
}
===============================================================================================
===============================================================================================

{
    "time": "2026-08-25T12:32:50.439Z",
    "method": "GET",
    "url": "/api/v1/tours/5c88fa8cf4afda39709c2960",
    "ip": "::1",
    "params": {
        "id": "5c88fa8cf4afda39709c2960"
    },
    "query": {},
    "body": {},
    "headers": {
        "user-agent": "PostmanRuntime/7.56.1",
        "accept": "*/*",
        "cache-control": "no-cache",
        "postman-token": "611835c4-a226-40f1-b4b3-432c0707c575",
        "host": "localhost:3000",
        "accept-encoding": "gzip, deflate, br",
        "connection": "keep-alive"
    },
    "statusCode": 200,
    "responseTime": "44ms"
}
===============================================================================================
===============================================================================================

{
    "time": "2026-08-25T12:38:50.555Z",
    "method": "GET",
    "url": "/api/v1/tours/5c88fa8cf4afda39709c2960",
    "ip": "::1",
    "params": {
        "id": "5c88fa8cf4afda39709c2960"
    },
    "query": {},
    "body": {},
    "headers": {
        "user-agent": "PostmanRuntime/7.56.1",
        "accept": "*/*",
        "cache-control": "no-cache",
        "postman-token": "8f7a9cbb-f869-47e1-8d2f-0a65dda9f8cd",
        "host": "localhost:3000",
        "accept-encoding": "gzip, deflate, br",
        "connection": "keep-alive"
    },
    "statusCode": 200,
    "responseTime": "37ms"
}
===============================================================================================
===============================================================================================

{
    "time": "2026-08-25T12:40:06.918Z",
    "method": "GET",
    "url": "/api/v1/tours/",
    "ip": "::1",
    "params": {},
    "query": {},
    "body": {},
    "headers": {
        "user-agent": "PostmanRuntime/7.56.1",
        "accept": "*/*",
        "cache-control": "no-cache",
        "postman-token": "1d959ffd-6503-46d8-9ee7-d55e3fad2ae0",
        "host": "localhost:3000",
        "accept-encoding": "gzip, deflate, br",
        "connection": "keep-alive"
    },
    "statusCode": 200,
    "responseTime": "22ms"
}
===============================================================================================
===============================================================================================

{
    "time": "2026-08-25T13:03:00.383Z",
    "method": "GET",
    "url": "/api/v1/review/addReviews",
    "ip": "::1",
    "params": {},
    "query": {},
    "body": {
        "review": "This Place is very good for humans",
        "rating": 5,
        "refToTour": "5c88fa8cf4afda39709c2960",
        "refToUser": "6a8d2dbc37052a4eb1ec8023"
    },
    "headers": {
        "content-type": "application/json",
        "user-agent": "PostmanRuntime/7.56.1",
        "accept": "*/*",
        "cache-control": "no-cache",
        "postman-token": "384a2a77-0994-4718-8541-05ee59123b17",
        "host": "localhost:3000",
        "accept-encoding": "gzip, deflate, br",
        "connection": "keep-alive",
        "content-length": "163"
    },
    "statusCode": 404,
    "responseTime": "12ms"
}
===============================================================================================
===============================================================================================

{
    "time": "2026-08-25T13:03:07.463Z",
    "method": "POST",
    "url": "/api/v1/review/addReviews",
    "ip": "::1",
    "params": {},
    "query": {},
    "body": {
        "review": "This Place is very good for humans",
        "rating": 5,
        "refToTour": "5c88fa8cf4afda39709c2960",
        "refToUser": "6a8d2dbc37052a4eb1ec8023"
    },
    "headers": {
        "content-type": "application/json",
        "user-agent": "PostmanRuntime/7.56.1",
        "accept": "*/*",
        "cache-control": "no-cache",
        "postman-token": "eb837f6d-5223-4bd5-b331-6cd7c365efaf",
        "host": "localhost:3000",
        "accept-encoding": "gzip, deflate, br",
        "connection": "keep-alive",
        "content-length": "163"
    },
    "statusCode": 201,
    "responseTime": "23ms"
}
===============================================================================================
===============================================================================================

{
    "time": "2026-08-25T13:06:31.859Z",
    "method": "GET",
    "url": "/api/v1/review/showReview",
    "ip": "::1",
    "params": {},
    "query": {},
    "body": {},
    "headers": {
        "user-agent": "PostmanRuntime/7.56.1",
        "accept": "*/*",
        "cache-control": "no-cache",
        "postman-token": "ec291489-16f4-4778-a12e-a0db875a52f1",
        "host": "localhost:3000",
        "accept-encoding": "gzip, deflate, br",
        "connection": "keep-alive"
    },
    "statusCode": 404,
    "responseTime": "14ms"
}
===============================================================================================
===============================================================================================

{
    "time": "2026-08-25T13:06:59.401Z",
    "method": "GET",
    "url": "/api/v1/review/showReview",
    "ip": "::1",
    "params": {},
    "query": {},
    "body": {},
    "headers": {
        "user-agent": "PostmanRuntime/7.56.1",
        "accept": "*/*",
        "cache-control": "no-cache",
        "postman-token": "b23b00af-56f5-4ce1-beb8-634dbf37e78c",
        "host": "localhost:3000",
        "accept-encoding": "gzip, deflate, br",
        "connection": "keep-alive"
    },
    "statusCode": 200,
    "responseTime": "39ms"
}
===============================================================================================
===============================================================================================

{
    "time": "2026-08-25T13:13:16.759Z",
    "method": "GET",
    "url": "/api/v1/review/showReview",
    "ip": "::1",
    "params": {},
    "query": {},
    "body": {},
    "headers": {
        "user-agent": "PostmanRuntime/7.56.1",
        "accept": "*/*",
        "cache-control": "no-cache",
        "postman-token": "fc6dcafa-6598-4270-b4e7-45e43ac4042b",
        "host": "localhost:3000",
        "accept-encoding": "gzip, deflate, br",
        "connection": "keep-alive"
    },
    "statusCode": 500,
    "responseTime": "29ms"
}
===============================================================================================
===============================================================================================

{
    "time": "2026-08-25T13:14:56.872Z",
    "method": "GET",
    "url": "/api/v1/review/showReview",
    "ip": "::1",
    "params": {},
    "query": {},
    "body": {},
    "headers": {
        "user-agent": "PostmanRuntime/7.56.1",
        "accept": "*/*",
        "cache-control": "no-cache",
        "postman-token": "1ae83a48-d702-49de-ad68-d051c38bac68",
        "host": "localhost:3000",
        "accept-encoding": "gzip, deflate, br",
        "connection": "keep-alive"
    },
    "statusCode": 200,
    "responseTime": "46ms"
}
===============================================================================================
===============================================================================================

{
    "time": "2026-08-25T13:16:01.038Z",
    "method": "GET",
    "url": "/api/v1/review/showReview",
    "ip": "::1",
    "params": {},
    "query": {},
    "body": {},
    "headers": {
        "user-agent": "PostmanRuntime/7.56.1",
        "accept": "*/*",
        "cache-control": "no-cache",
        "postman-token": "deee4d9f-7f3a-4a99-bd45-32e31acbd14d",
        "host": "localhost:3000",
        "accept-encoding": "gzip, deflate, br",
        "connection": "keep-alive"
    },
    "statusCode": 200,
    "responseTime": "47ms"
}
===============================================================================================
===============================================================================================

{
    "time": "2026-08-25T13:18:12.072Z",
    "method": "GET",
    "url": "/api/v1/review/showReview",
    "ip": "::1",
    "params": {},
    "query": {},
    "body": {},
    "headers": {
        "user-agent": "PostmanRuntime/7.56.1",
        "accept": "*/*",
        "cache-control": "no-cache",
        "postman-token": "7475c98c-e885-4b42-97cd-1fcd6101d4cd",
        "host": "localhost:3000",
        "accept-encoding": "gzip, deflate, br",
        "connection": "keep-alive"
    },
    "statusCode": 200,
    "responseTime": "44ms"
}
===============================================================================================
===============================================================================================

{
    "time": "2026-08-25T13:25:27.493Z",
    "method": "GET",
    "url": "/api/v1/review/showReview",
    "ip": "::1",
    "params": {},
    "query": {},
    "body": {},
    "headers": {
        "user-agent": "PostmanRuntime/7.56.1",
        "accept": "*/*",
        "cache-control": "no-cache",
        "postman-token": "37bc1164-9839-40ec-9cc0-d736fd854e3f",
        "host": "localhost:3000",
        "accept-encoding": "gzip, deflate, br",
        "connection": "keep-alive"
    },
    "statusCode": 200,
    "responseTime": "40ms"
}
===============================================================================================
===============================================================================================

{
    "time": "2026-08-25T13:28:17.251Z",
    "method": "GET",
    "url": "/api/v1/review/showReview",
    "ip": "::1",
    "params": {},
    "query": {},
    "body": {},
    "headers": {
        "user-agent": "PostmanRuntime/7.56.1",
        "accept": "*/*",
        "cache-control": "no-cache",
        "postman-token": "989e35a7-f08c-4d0f-8f5a-ec42407f2b12",
        "host": "localhost:3000",
        "accept-encoding": "gzip, deflate, br",
        "connection": "keep-alive"
    },
    "statusCode": 200,
    "responseTime": "90ms"
}
===============================================================================================
===============================================================================================

{
    "time": "2026-08-25T13:30:10.772Z",
    "method": "GET",
    "url": "/api/v1/review/showReview",
    "ip": "::1",
    "params": {},
    "query": {},
    "body": {},
    "headers": {
        "user-agent": "PostmanRuntime/7.56.1",
        "accept": "*/*",
        "cache-control": "no-cache",
        "postman-token": "d64ec68f-610c-493c-bf91-b6ddb301e39c",
        "host": "localhost:3000",
        "accept-encoding": "gzip, deflate, br",
        "connection": "keep-alive"
    },
    "statusCode": 200,
    "responseTime": "48ms"
}
===============================================================================================
===============================================================================================

{
    "time": "2026-08-25T13:33:31.628Z",
    "method": "GET",
    "url": "/api/v1/review/showReview",
    "ip": "::1",
    "params": {},
    "query": {},
    "body": {},
    "headers": {
        "user-agent": "PostmanRuntime/7.56.1",
        "accept": "*/*",
        "cache-control": "no-cache",
        "postman-token": "7059d72f-dd9e-4509-8d32-83b12fa32f3e",
        "host": "localhost:3000",
        "accept-encoding": "gzip, deflate, br",
        "connection": "keep-alive"
    },
    "statusCode": 200,
    "responseTime": "47ms"
}
===============================================================================================
===============================================================================================

{
    "time": "2026-08-25T13:34:32.683Z",
    "method": "GET",
    "url": "/api/v1/tours/",
    "ip": "::1",
    "params": {},
    "query": {},
    "body": {},
    "headers": {
        "user-agent": "PostmanRuntime/7.56.1",
        "accept": "*/*",
        "cache-control": "no-cache",
        "postman-token": "93f420de-d96d-45bb-8e1a-3d37c7fd28f8",
        "host": "localhost:3000",
        "accept-encoding": "gzip, deflate, br",
        "connection": "keep-alive"
    },
    "statusCode": 200,
    "responseTime": "56ms"
}
===============================================================================================
===============================================================================================

{
    "time": "2026-08-25T13:37:51.304Z",
    "method": "GET",
    "url": "/api/v1/tours/",
    "ip": "::1",
    "params": {},
    "query": {},
    "body": {},
    "headers": {
        "user-agent": "PostmanRuntime/7.56.1",
        "accept": "*/*",
        "cache-control": "no-cache",
        "postman-token": "8d62ffef-ef57-42df-bd9e-1984946d6ee5",
        "host": "localhost:3000",
        "accept-encoding": "gzip, deflate, br",
        "connection": "keep-alive"
    },
    "statusCode": 200,
    "responseTime": "61ms"
}
===============================================================================================
===============================================================================================

{
    "time": "2026-08-26T04:30:20.786Z",
    "method": "POST",
    "url": "/api/v1/auth/login",
    "ip": "::1",
    "params": {},
    "query": {},
    "body": {
        "email": "admin@gmail.com"
    },
    "headers": {
        "content-type": "application/json",
        "user-agent": "PostmanRuntime/7.56.1",
        "accept": "*/*",
        "cache-control": "no-cache",
        "postman-token": "e8bc3b9e-c416-404a-b071-dd3f14ec9939",
        "host": "localhost:3000",
        "accept-encoding": "gzip, deflate, br",
        "connection": "keep-alive",
        "content-length": "68"
    },
    "statusCode": 200,
    "responseTime": "527ms"
}
===============================================================================================
===============================================================================================

{
    "time": "2026-08-26T04:45:13.194Z",
    "method": "GET",
    "url": "/asi/v1/tousrs/getToursStats",
    "ip": "::1",
    "params": {},
    "query": {},
    "body": {},
    "headers": {
        "user-agent": "PostmanRuntime/7.56.1",
        "accept": "*/*",
        "cache-control": "no-cache",
        "postman-token": "e9adf76a-4a2b-4cb7-8b7b-45f6dabc51f7",
        "host": "localhost:3000",
        "accept-encoding": "gzip, deflate, br",
        "connection": "keep-alive"
    },
    "statusCode": 404,
    "responseTime": "5ms"
}
===============================================================================================
===============================================================================================

{
    "time": "2026-08-26T04:45:15.296Z",
    "method": "GET",
    "url": "/asi/v1/tousrs/getToursStats",
    "ip": "::1",
    "params": {},
    "query": {},
    "body": {},
    "headers": {
        "user-agent": "PostmanRuntime/7.56.1",
        "accept": "*/*",
        "cache-control": "no-cache",
        "postman-token": "6edf4d65-470a-478c-8e63-44e450c7ce8b",
        "host": "localhost:3000",
        "accept-encoding": "gzip, deflate, br",
        "connection": "keep-alive"
    },
    "statusCode": 404,
    "responseTime": "0ms"
}
===============================================================================================
===============================================================================================

{
    "time": "2026-08-26T04:45:38.236Z",
    "method": "GET",
    "url": "/asi/v1/tousrs/getToursStats",
    "ip": "::1",
    "params": {},
    "query": {},
    "body": {},
    "headers": {
        "user-agent": "PostmanRuntime/7.56.1",
        "accept": "*/*",
        "cache-control": "no-cache",
        "postman-token": "57f72a7b-3ff6-4a14-9696-a0a6eb2ccd6d",
        "host": "localhost:3000",
        "accept-encoding": "gzip, deflate, br",
        "connection": "keep-alive"
    },
    "statusCode": 404,
    "responseTime": "0ms"
}
===============================================================================================
===============================================================================================

{
    "time": "2026-08-26T04:45:41.537Z",
    "method": "GET",
    "url": "/api/v1/tousrs/getToursStats",
    "ip": "::1",
    "params": {},
    "query": {},
    "body": {},
    "headers": {
        "user-agent": "PostmanRuntime/7.56.1",
        "accept": "*/*",
        "cache-control": "no-cache",
        "postman-token": "cca52edb-6b4d-4cbd-911b-5f204448be93",
        "host": "localhost:3000",
        "accept-encoding": "gzip, deflate, br",
        "connection": "keep-alive"
    },
    "statusCode": 404,
    "responseTime": "9ms"
}
===============================================================================================
===============================================================================================

{
    "time": "2026-08-26T04:45:58.080Z",
    "method": "GET",
    "url": "/api/v1/tours/getToursStats",
    "ip": "::1",
    "params": {},
    "query": {},
    "body": {},
    "headers": {
        "user-agent": "PostmanRuntime/7.56.1",
        "accept": "*/*",
        "cache-control": "no-cache",
        "postman-token": "d84e4023-58ee-4996-af6b-acf82234a104",
        "host": "localhost:3000",
        "accept-encoding": "gzip, deflate, br",
        "connection": "keep-alive"
    },
    "statusCode": 200,
    "responseTime": "110ms"
}
===============================================================================================
===============================================================================================

{
    "time": "2026-08-26T04:47:28.150Z",
    "method": "GET",
    "url": "/api/v1/tours/",
    "ip": "::1",
    "params": {},
    "query": {},
    "body": {},
    "headers": {
        "user-agent": "PostmanRuntime/7.56.1",
        "accept": "*/*",
        "cache-control": "no-cache",
        "postman-token": "dc975945-a52b-47fc-87d5-314f8b18da1e",
        "host": "localhost:3000",
        "accept-encoding": "gzip, deflate, br",
        "connection": "keep-alive"
    },
    "statusCode": 200,
    "responseTime": "57ms"
}
===============================================================================================
===============================================================================================

{
    "time": "2026-08-26T04:50:22.258Z",
    "method": "GET",
    "url": "/api/v1/tours/",
    "ip": "::1",
    "params": {},
    "query": {},
    "body": {},
    "headers": {
        "user-agent": "PostmanRuntime/7.56.1",
        "accept": "*/*",
        "cache-control": "no-cache",
        "postman-token": "47cf189a-0392-4781-b9da-070546cec83a",
        "host": "localhost:3000",
        "accept-encoding": "gzip, deflate, br",
        "connection": "keep-alive"
    },
    "statusCode": 200,
    "responseTime": "59ms"
}
===============================================================================================
===============================================================================================

{
    "time": "2026-08-26T04:55:26.881Z",
    "method": "GET",
    "url": "/api/v1/tours/",
    "ip": "::1",
    "params": {},
    "query": {},
    "body": {},
    "headers": {
        "user-agent": "PostmanRuntime/7.56.1",
        "accept": "*/*",
        "cache-control": "no-cache",
        "postman-token": "00e559b4-9980-49ec-ad72-5d047eb8176b",
        "host": "localhost:3000",
        "accept-encoding": "gzip, deflate, br",
        "connection": "keep-alive"
    },
    "statusCode": 200,
    "responseTime": "55ms"
}
===============================================================================================
===============================================================================================

{
    "time": "2026-08-26T04:56:03.668Z",
    "method": "GET",
    "url": "/api/v1/tours/5c88fa8cf4afda39709c2960",
    "ip": "::1",
    "params": {
        "id": "5c88fa8cf4afda39709c2960"
    },
    "query": {},
    "body": {},
    "headers": {
        "user-agent": "PostmanRuntime/7.56.1",
        "accept": "*/*",
        "cache-control": "no-cache",
        "postman-token": "116dc42a-eefa-4b34-b118-e144de249469",
        "host": "localhost:3000",
        "accept-encoding": "gzip, deflate, br",
        "connection": "keep-alive"
    },
    "statusCode": 200,
    "responseTime": "7ms"
}
===============================================================================================
===============================================================================================

{
    "time": "2026-08-26T04:56:24.531Z",
    "method": "GET",
    "url": "/api/v1/tours/5c88fa8cf4afda39709c2960",
    "ip": "::1",
    "params": {
        "id": "5c88fa8cf4afda39709c2960"
    },
    "query": {},
    "body": {},
    "headers": {
        "user-agent": "PostmanRuntime/7.56.1",
        "accept": "*/*",
        "cache-control": "no-cache",
        "postman-token": "9aae5aa9-a965-48c4-9c68-017285d9ad5e",
        "host": "localhost:3000",
        "accept-encoding": "gzip, deflate, br",
        "connection": "keep-alive"
    },
    "statusCode": 200,
    "responseTime": "6ms"
}
===============================================================================================
===============================================================================================

{
    "time": "2026-08-26T04:58:51.669Z",
    "method": "GET",
    "url": "/api/v1/tours/5c88fa8cf4afda39709c2960",
    "ip": "::1",
    "params": {},
    "query": {},
    "body": {},
    "headers": {
        "user-agent": "PostmanRuntime/7.56.1",
        "accept": "*/*",
        "cache-control": "no-cache",
        "postman-token": "528e8684-ac88-49ae-8280-718de76d5911",
        "host": "localhost:3000",
        "accept-encoding": "gzip, deflate, br",
        "connection": "keep-alive"
    },
    "statusCode": 500,
    "responseTime": "15ms"
}
===============================================================================================
===============================================================================================

{
    "time": "2026-08-26T04:59:29.378Z",
    "method": "GET",
    "url": "/api/v1/tours/5c88fa8cf4afda39709c2960",
    "ip": "::1",
    "params": {},
    "query": {},
    "body": {},
    "headers": {
        "user-agent": "PostmanRuntime/7.56.1",
        "accept": "*/*",
        "cache-control": "no-cache",
        "postman-token": "a1a79d68-2d39-4c4b-974e-0d63a2d68cd4",
        "host": "localhost:3000",
        "accept-encoding": "gzip, deflate, br",
        "connection": "keep-alive"
    },
    "statusCode": 500,
    "responseTime": "16ms"
}
===============================================================================================
===============================================================================================

{
    "time": "2026-08-26T05:00:15.696Z",
    "method": "GET",
    "url": "/api/v1/tours/5c88fa8cf4afda39709c2960",
    "ip": "::1",
    "params": {
        "id": "5c88fa8cf4afda39709c2960"
    },
    "query": {},
    "body": {},
    "headers": {
        "user-agent": "PostmanRuntime/7.56.1",
        "accept": "*/*",
        "cache-control": "no-cache",
        "postman-token": "cf1ecc6c-325d-473e-9003-370ae4ee0a27",
        "host": "localhost:3000",
        "accept-encoding": "gzip, deflate, br",
        "connection": "keep-alive"
    },
    "statusCode": 200,
    "responseTime": "39ms"
}
===============================================================================================
===============================================================================================

{
    "time": "2026-08-26T05:15:37.051Z",
    "method": "GET",
    "url": "/api/v1/tours/5c88fa8cf4afda39709c2960",
    "ip": "::1",
    "params": {
        "id": "5c88fa8cf4afda39709c2960"
    },
    "query": {},
    "body": {},
    "headers": {
        "user-agent": "PostmanRuntime/7.56.1",
        "accept": "*/*",
        "cache-control": "no-cache",
        "postman-token": "513ba643-46f0-4497-bc36-dbbfbacdb6a7",
        "host": "localhost:3000",
        "accept-encoding": "gzip, deflate, br",
        "connection": "keep-alive"
    },
    "statusCode": 200,
    "responseTime": "80ms"
}
===============================================================================================
===============================================================================================

{
    "ApiTotal": 1,
    "time": "2026-08-26T05:17:55.568Z",
    "method": "GET",
    "url": "/api/v1/tours/5c88fa8cf4afda39709c2960",
    "ip": "::1",
    "params": {
        "id": "5c88fa8cf4afda39709c2960"
    },
    "query": {},
    "body": {},
    "headers": {
        "user-agent": "PostmanRuntime/7.56.1",
        "accept": "*/*",
        "cache-control": "no-cache",
        "postman-token": "3a314a82-0ba4-4a63-a390-b9968f40d9e0",
        "host": "localhost:3000",
        "accept-encoding": "gzip, deflate, br",
        "connection": "keep-alive"
    },
    "statusCode": 200,
    "responseTime": "47ms"
}
===============================================================================================
===============================================================================================

{
    "ApiTotal": 1,
    "time": "2026-08-26T05:18:08.083Z",
    "method": "GET",
    "url": "/api/v1/tours/5c88fa8cf4afda39709c2960",
    "ip": "::1",
    "params": {
        "id": "5c88fa8cf4afda39709c2960"
    },
    "query": {},
    "body": {},
    "headers": {
        "user-agent": "PostmanRuntime/7.56.1",
        "accept": "*/*",
        "cache-control": "no-cache",
        "postman-token": "cad1d536-94d3-4a1b-a281-4d36d339a84c",
        "host": "localhost:3000",
        "accept-encoding": "gzip, deflate, br",
        "connection": "keep-alive"
    },
    "statusCode": 200,
    "responseTime": "11ms"
}
===============================================================================================
===============================================================================================

{
    "time": "2026-08-26T05:22:28.521Z",
    "method": "GET",
    "url": "/api/v1/review/showReview",
    "ip": "::1",
    "params": {},
    "query": {},
    "body": {},
    "headers": {
        "user-agent": "PostmanRuntime/7.56.1",
        "accept": "*/*",
        "cache-control": "no-cache",
        "postman-token": "4d1a667d-96d2-497f-a2ea-15a8a81ce024",
        "host": "localhost:3000",
        "accept-encoding": "gzip, deflate, br",
        "connection": "keep-alive"
    },
    "statusCode": 200,
    "responseTime": "42ms"
}
===============================================================================================
===============================================================================================

{
    "time": "2026-08-26T05:23:20.589Z",
    "method": "POST",
    "url": "/api/v1/review/addReviews",
    "ip": "::1",
    "params": {},
    "query": {},
    "body": {
        "review": "This Place is very best for ",
        "rating": 5,
        "refToTour": "5c88fa8cf4afda39709c2960",
        "refToUser": "6a8d24bfce32c44facef4c5a"
    },
    "headers": {
        "content-type": "application/json",
        "user-agent": "PostmanRuntime/7.56.1",
        "accept": "*/*",
        "cache-control": "no-cache",
        "postman-token": "8af3bbcd-5aaf-415c-8928-0a90308fa0aa",
        "host": "localhost:3000",
        "accept-encoding": "gzip, deflate, br",
        "connection": "keep-alive",
        "content-length": "157"
    },
    "statusCode": 201,
    "responseTime": "12ms"
}
===============================================================================================
===============================================================================================

{
    "time": "2026-08-26T05:23:26.968Z",
    "method": "GET",
    "url": "/api/v1/tours/5c88fa8cf4afda39709c2960",
    "ip": "::1",
    "params": {
        "id": "5c88fa8cf4afda39709c2960"
    },
    "query": {},
    "body": {},
    "headers": {
        "user-agent": "PostmanRuntime/7.56.1",
        "accept": "*/*",
        "cache-control": "no-cache",
        "postman-token": "d08ccf49-d428-4565-94ff-457afcfa42c8",
        "host": "localhost:3000",
        "accept-encoding": "gzip, deflate, br",
        "connection": "keep-alive"
    },
    "statusCode": 200,
    "responseTime": "18ms"
}
===============================================================================================
===============================================================================================

{
    "time": "2026-08-26T05:36:23.389Z",
    "method": "POST",
    "url": "/api/v1/auth/singup",
    "ip": "::1",
    "params": {},
    "query": {},
    "body": {
        "name": "Dhruv Bhai",
        "email": "dhruvuser@gmail.com",
        "photo": "user1.jpg",
        "passwordChangeAt": "2026-08-24",
        "role": "user"
    },
    "headers": {
        "content-type": "application/json",
        "user-agent": "PostmanRuntime/7.56.1",
        "accept": "*/*",
        "cache-control": "no-cache",
        "postman-token": "aaa73c4c-16d9-46a8-9a70-f560f50d2492",
        "host": "localhost:3000",
        "accept-encoding": "gzip, deflate, br",
        "connection": "keep-alive",
        "content-length": "225"
    },
    "statusCode": 201,
    "responseTime": "322ms"
}
===============================================================================================
===============================================================================================

{
    "time": "2026-08-26T05:36:42.111Z",
    "method": "POST",
    "url": "/api/v1/auth/login",
    "ip": "::1",
    "params": {},
    "query": {},
    "body": {
        "email": "dhruvuser@gmail.com"
    },
    "headers": {
        "content-type": "application/json",
        "user-agent": "PostmanRuntime/7.56.1",
        "accept": "*/*",
        "cache-control": "no-cache",
        "postman-token": "80061029-0145-4d8b-811c-6a0c6abd4242",
        "host": "localhost:3000",
        "accept-encoding": "gzip, deflate, br",
        "connection": "keep-alive",
        "content-length": "75"
    },
    "statusCode": 200,
    "responseTime": "323ms"
}
===============================================================================================
===============================================================================================

{
    "time": "2026-08-26T05:43:25.769Z",
    "method": "POST",
    "url": "/api/v1/auth/addReview/5c88fa8cf4afda39709c2960/6a8e7b572a0177dbef658b68",
    "ip": "::1",
    "params": {},
    "query": {},
    "body": {
        "review": "This Place is very best for ",
        "rating": 5
    },
    "headers": {
        "content-type": "application/json",
        "user-agent": "PostmanRuntime/7.56.1",
        "accept": "*/*",
        "cache-control": "no-cache",
        "postman-token": "357b2222-1122-4478-a16c-572612198d23",
        "host": "localhost:3000",
        "accept-encoding": "gzip, deflate, br",
        "connection": "keep-alive",
        "content-length": "68"
    },
    "statusCode": 404,
    "responseTime": "15ms"
}
===============================================================================================
===============================================================================================

{
    "time": "2026-08-26T05:43:59.975Z",
    "method": "POST",
    "url": "/api/v1/auth/addReview/5c88fa8cf4afda39709c2960/",
    "ip": "::1",
    "params": {},
    "query": {},
    "body": {
        "review": "This Place is very best for ",
        "rating": 5
    },
    "headers": {
        "content-type": "application/json",
        "user-agent": "PostmanRuntime/7.56.1",
        "accept": "*/*",
        "cache-control": "no-cache",
        "postman-token": "da30d129-4e2a-4acb-83c6-ffbef47cc0ad",
        "host": "localhost:3000",
        "accept-encoding": "gzip, deflate, br",
        "connection": "keep-alive",
        "content-length": "68"
    },
    "statusCode": 404,
    "responseTime": "1ms"
}
===============================================================================================
===============================================================================================

{
    "time": "2026-08-26T05:44:32.319Z",
    "method": "POST",
    "url": "/api/v1/auth/addReview/5c88fa8cf4afda39709c2960/reviews",
    "ip": "::1",
    "params": {},
    "query": {},
    "body": {
        "review": "This Place is very best for ",
        "rating": 5
    },
    "headers": {
        "content-type": "application/json",
        "user-agent": "PostmanRuntime/7.56.1",
        "accept": "*/*",
        "cache-control": "no-cache",
        "postman-token": "ee18c65c-2c48-4672-b343-ffc5aba2fad7",
        "host": "localhost:3000",
        "accept-encoding": "gzip, deflate, br",
        "connection": "keep-alive",
        "content-length": "68"
    },
    "statusCode": 404,
    "responseTime": "0ms"
}
===============================================================================================
===============================================================================================

{
    "time": "2026-08-26T05:45:30.642Z",
    "method": "POST",
    "url": "/api/v1/auth/addReview/5c88fa8cf4afda39709c2960/reviews",
    "ip": "::1",
    "params": {},
    "query": {},
    "body": {
        "review": "This Place is very best for ",
        "rating": 5
    },
    "headers": {
        "content-type": "application/json",
        "user-agent": "PostmanRuntime/7.56.1",
        "accept": "*/*",
        "cache-control": "no-cache",
        "postman-token": "8e576c30-6c2f-49e5-88d3-276feaba9bbc",
        "host": "localhost:3000",
        "accept-encoding": "gzip, deflate, br",
        "connection": "keep-alive",
        "content-length": "68"
    },
    "statusCode": 404,
    "responseTime": "0ms"
}
===============================================================================================
===============================================================================================

{
    "time": "2026-08-26T05:45:51.616Z",
    "method": "POST",
    "url": "/api/v1/auth/5c88fa8cf4afda39709c2960/reviews",
    "ip": "::1",
    "params": {},
    "query": {},
    "body": {
        "review": "This Place is very best for ",
        "rating": 5
    },
    "headers": {
        "content-type": "application/json",
        "user-agent": "PostmanRuntime/7.56.1",
        "accept": "*/*",
        "cache-control": "no-cache",
        "postman-token": "c6b3d1b3-9d60-4e3b-b29f-103a92ca42ed",
        "host": "localhost:3000",
        "accept-encoding": "gzip, deflate, br",
        "connection": "keep-alive",
        "content-length": "68"
    },
    "statusCode": 404,
    "responseTime": "14ms"
}
===============================================================================================
===============================================================================================

{
    "time": "2026-08-26T05:48:08.981Z",
    "method": "POST",
    "url": "/api/v1/auth/5c88fa8cf4afda39709c2960",
    "ip": "::1",
    "params": {},
    "query": {},
    "body": {
        "review": "This Place is very best for ",
        "rating": 5
    },
    "headers": {
        "content-type": "application/json",
        "user-agent": "PostmanRuntime/7.56.1",
        "accept": "*/*",
        "cache-control": "no-cache",
        "postman-token": "8a24e7aa-0f52-44b0-8308-b143b6dc6f04",
        "host": "localhost:3000",
        "accept-encoding": "gzip, deflate, br",
        "connection": "keep-alive",
        "content-length": "68"
    },
    "statusCode": 404,
    "responseTime": "3ms"
}
===============================================================================================
===============================================================================================

{
    "time": "2026-08-26T05:48:15.057Z",
    "method": "POST",
    "url": "/api/v1/auth/5c88fa8cf4afda39709c2960/reviews",
    "ip": "::1",
    "params": {},
    "query": {},
    "body": {
        "review": "This Place is very best for ",
        "rating": 5
    },
    "headers": {
        "content-type": "application/json",
        "user-agent": "PostmanRuntime/7.56.1",
        "accept": "*/*",
        "cache-control": "no-cache",
        "postman-token": "760b8db2-c0a1-4ec8-8748-f4c83290ac8f",
        "host": "localhost:3000",
        "accept-encoding": "gzip, deflate, br",
        "connection": "keep-alive",
        "content-length": "68"
    },
    "statusCode": 404,
    "responseTime": "1ms"
}
===============================================================================================
===============================================================================================

{
    "time": "2026-08-26T05:48:16.797Z",
    "method": "POST",
    "url": "/api/v1/auth/5c88fa8cf4afda39709c2960/review",
    "ip": "::1",
    "params": {},
    "query": {},
    "body": {
        "review": "This Place is very best for ",
        "rating": 5
    },
    "headers": {
        "content-type": "application/json",
        "user-agent": "PostmanRuntime/7.56.1",
        "accept": "*/*",
        "cache-control": "no-cache",
        "postman-token": "d35863d2-d024-48e8-9b16-314c1fb6c662",
        "host": "localhost:3000",
        "accept-encoding": "gzip, deflate, br",
        "connection": "keep-alive",
        "content-length": "68"
    },
    "statusCode": 404,
    "responseTime": "1ms"
}
===============================================================================================
===============================================================================================

{
    "time": "2026-08-26T05:48:18.654Z",
    "method": "POST",
    "url": "/api/v1/auth/5c88fa8cf4afda39709c2960/reviews",
    "ip": "::1",
    "params": {},
    "query": {},
    "body": {
        "review": "This Place is very best for ",
        "rating": 5
    },
    "headers": {
        "content-type": "application/json",
        "user-agent": "PostmanRuntime/7.56.1",
        "accept": "*/*",
        "cache-control": "no-cache",
        "postman-token": "d8e27794-6e74-4627-9ad1-f7ac6a53708b",
        "host": "localhost:3000",
        "accept-encoding": "gzip, deflate, br",
        "connection": "keep-alive",
        "content-length": "68"
    },
    "statusCode": 404,
    "responseTime": "1ms"
}
===============================================================================================
===============================================================================================

{
    "time": "2026-08-26T05:49:26.010Z",
    "method": "POST",
    "url": "/api/v1/auth/5c88fa8cf4afda39709c2960",
    "ip": "::1",
    "params": {},
    "query": {},
    "body": {
        "review": "This Place is very best for ",
        "rating": 5
    },
    "headers": {
        "content-type": "application/json",
        "user-agent": "PostmanRuntime/7.56.1",
        "accept": "*/*",
        "cache-control": "no-cache",
        "postman-token": "6a6b4249-b958-4c11-814d-b5bcf2cad882",
        "host": "localhost:3000",
        "accept-encoding": "gzip, deflate, br",
        "connection": "keep-alive",
        "content-length": "68"
    },
    "statusCode": 404,
    "responseTime": "12ms"
}
===============================================================================================
===============================================================================================

{
    "time": "2026-08-26T05:50:44.708Z",
    "method": "POST",
    "url": "/api/v1/tour/5c88fa8cf4afda39709c2960",
    "ip": "::1",
    "params": {},
    "query": {},
    "body": {
        "review": "This Place is very best for ",
        "rating": 5
    },
    "headers": {
        "content-type": "application/json",
        "user-agent": "PostmanRuntime/7.56.1",
        "accept": "*/*",
        "cache-control": "no-cache",
        "postman-token": "7454ed41-7dec-4e5f-a60d-11d52ad2d539",
        "host": "localhost:3000",
        "accept-encoding": "gzip, deflate, br",
        "connection": "keep-alive",
        "content-length": "68"
    },
    "statusCode": 404,
    "responseTime": "11ms"
}
===============================================================================================
===============================================================================================

{
    "time": "2026-08-26T05:50:50.410Z",
    "method": "POST",
    "url": "/api/v1/tours/5c88fa8cf4afda39709c2960",
    "ip": "::1",
    "params": {
        "tourID": "5c88fa8cf4afda39709c2960"
    },
    "query": {},
    "body": {
        "review": "This Place is very best for ",
        "rating": 5,
        "refToTour": "5c88fa8cf4afda39709c2960",
        "refToUser": "6a8e7b572a0177dbef658b68"
    },
    "headers": {
        "content-type": "application/json",
        "user-agent": "PostmanRuntime/7.56.1",
        "accept": "*/*",
        "cache-control": "no-cache",
        "postman-token": "1f9cc755-7755-4a44-9bf1-fc95f7825424",
        "host": "localhost:3000",
        "accept-encoding": "gzip, deflate, br",
        "connection": "keep-alive",
        "content-length": "68"
    },
    "statusCode": 201,
    "responseTime": "43ms"
}
===============================================================================================
===============================================================================================

{
    "time": "2026-08-26T05:51:04.466Z",
    "method": "GET",
    "url": "/api/v1/review/showReview",
    "ip": "::1",
    "params": {},
    "query": {},
    "body": {},
    "headers": {
        "user-agent": "PostmanRuntime/7.56.1",
        "accept": "*/*",
        "cache-control": "no-cache",
        "postman-token": "a88318ee-cd1d-4a26-91ad-55bd2f6c5aea",
        "host": "localhost:3000",
        "accept-encoding": "gzip, deflate, br",
        "connection": "keep-alive"
    },
    "statusCode": 200,
    "responseTime": "17ms"
}
===============================================================================================
===============================================================================================

{
    "time": "2026-08-26T06:07:05.183Z",
    "method": "POST",
    "url": "/api/v1/tours/5c88fa8cf4afda39709c2960/addReview",
    "ip": "::1",
    "params": {
        "tourID": "5c88fa8cf4afda39709c2960"
    },
    "query": {},
    "body": {
        "review": "This Place is very best for ",
        "rating": 5,
        "refToTour": "5c88fa8cf4afda39709c2960",
        "refToUser": "6a8e7b572a0177dbef658b68"
    },
    "headers": {
        "content-type": "application/json",
        "user-agent": "PostmanRuntime/7.56.1",
        "accept": "*/*",
        "cache-control": "no-cache",
        "postman-token": "8d759e71-a92d-4636-afc3-17269c6ad26e",
        "host": "localhost:3000",
        "accept-encoding": "gzip, deflate, br",
        "connection": "keep-alive",
        "content-length": "68"
    },
    "statusCode": 201,
    "responseTime": "33ms"
}
===============================================================================================
===============================================================================================

{
    "time": "2026-08-26T06:17:23.888Z",
    "method": "GET",
    "url": "/api/v1/review/showReview",
    "ip": "::1",
    "params": {},
    "query": {},
    "body": {},
    "headers": {
        "user-agent": "PostmanRuntime/7.56.1",
        "accept": "*/*",
        "cache-control": "no-cache",
        "postman-token": "0e21cb1e-9a15-48bf-9fe5-24734703e111",
        "host": "localhost:3000",
        "accept-encoding": "gzip, deflate, br",
        "connection": "keep-alive"
    },
    "statusCode": 200,
    "responseTime": "43ms"
}
===============================================================================================
===============================================================================================

{
    "time": "2026-08-26T06:18:18.621Z",
    "method": "GET",
    "url": "/api/v1/tours/5c88fa8cf4afda39709c2960/showReview",
    "ip": "::1",
    "params": {},
    "query": {},
    "body": {},
    "headers": {
        "user-agent": "PostmanRuntime/7.56.1",
        "accept": "*/*",
        "cache-control": "no-cache",
        "postman-token": "20ee3434-9dc7-40f9-9810-0ba95c8079c7",
        "host": "localhost:3000",
        "accept-encoding": "gzip, deflate, br",
        "connection": "keep-alive"
    },
    "statusCode": 404,
    "responseTime": "11ms"
}
===============================================================================================
===============================================================================================

{
    "time": "2026-08-26T06:18:35.200Z",
    "method": "GET",
    "url": "/api/v1/tours/5c88fa8cf4afda39709c2960/showReview",
    "ip": "::1",
    "params": {},
    "query": {},
    "body": {},
    "headers": {
        "user-agent": "PostmanRuntime/7.56.1",
        "accept": "*/*",
        "cache-control": "no-cache",
        "postman-token": "a3054cb4-c60b-4d8f-8553-bb7bd7babd64",
        "host": "localhost:3000",
        "accept-encoding": "gzip, deflate, br",
        "connection": "keep-alive"
    },
    "statusCode": 404,
    "responseTime": "1ms"
}
===============================================================================================
===============================================================================================

{
    "time": "2026-08-26T06:21:57.743Z",
    "method": "GET",
    "url": "/api/v1/tours/5c88fa8cf4afda39709c2960/showReview",
    "ip": "::1",
    "params": {
        "tourID": "5c88fa8cf4afda39709c2960"
    },
    "query": {},
    "body": {},
    "headers": {
        "user-agent": "PostmanRuntime/7.56.1",
        "accept": "*/*",
        "cache-control": "no-cache",
        "postman-token": "1602ccd4-bcd4-4104-b280-afb8378533ed",
        "host": "localhost:3000",
        "accept-encoding": "gzip, deflate, br",
        "connection": "keep-alive"
    },
    "statusCode": 200,
    "responseTime": "27ms"
}
===============================================================================================
===============================================================================================

{
    "time": "2026-08-26T06:22:16.008Z",
    "method": "GET",
    "url": "/api/v1/tours/5c88fa8cf4afda39709c2960/showReview",
    "ip": "::1",
    "params": {
        "tourID": "5c88fa8cf4afda39709c2960"
    },
    "query": {},
    "body": {},
    "headers": {
        "user-agent": "PostmanRuntime/7.56.1",
        "accept": "*/*",
        "cache-control": "no-cache",
        "postman-token": "9a484c6b-44ae-4ff2-b61e-7ad9ecc75669",
        "host": "localhost:3000",
        "accept-encoding": "gzip, deflate, br",
        "connection": "keep-alive"
    },
    "statusCode": 200,
    "responseTime": "5ms"
}
===============================================================================================
===============================================================================================

{
    "time": "2026-08-26T06:22:34.546Z",
    "method": "GET",
    "url": "/api/v1/tours/5c88fa8cf4afda39709c2960/showReview",
    "ip": "::1",
    "params": {
        "tourID": "5c88fa8cf4afda39709c2960"
    },
    "query": {},
    "body": {},
    "headers": {
        "user-agent": "PostmanRuntime/7.56.1",
        "accept": "*/*",
        "cache-control": "no-cache",
        "postman-token": "57f69517-54a3-413b-8f56-e1692a095a2e",
        "host": "localhost:3000",
        "accept-encoding": "gzip, deflate, br",
        "connection": "keep-alive"
    },
    "statusCode": 200,
    "responseTime": "28ms"
}
===============================================================================================
===============================================================================================

{
    "time": "2026-08-26T06:24:22.999Z",
    "method": "GET",
    "url": "/api/v1/tours/5c88fa8cf4afda39709c2960/showReview",
    "ip": "::1",
    "params": {
        "tourID": "5c88fa8cf4afda39709c2960"
    },
    "query": {},
    "body": {},
    "headers": {
        "user-agent": "PostmanRuntime/7.56.1",
        "accept": "*/*",
        "cache-control": "no-cache",
        "postman-token": "d55f4b7b-0284-4337-9c78-983fc247fa7e",
        "host": "localhost:3000",
        "accept-encoding": "gzip, deflate, br",
        "connection": "keep-alive"
    },
    "statusCode": 200,
    "responseTime": "42ms"
}
===============================================================================================
===============================================================================================

{
    "time": "2026-08-26T06:24:58.208Z",
    "method": "POST",
    "url": "/api/v1/tours/5c88fa8cf4afda39709c296c/addReview",
    "ip": "::1",
    "params": {
        "tourID": "5c88fa8cf4afda39709c296c"
    },
    "query": {},
    "body": {
        "review": "This Place is very best for ",
        "rating": 5,
        "refToTour": "5c88fa8cf4afda39709c296c",
        "refToUser": "6a8e7b572a0177dbef658b68"
    },
    "headers": {
        "content-type": "application/json",
        "user-agent": "PostmanRuntime/7.56.1",
        "accept": "*/*",
        "cache-control": "no-cache",
        "postman-token": "9a3c8b25-f177-4482-b742-7366e8347028",
        "host": "localhost:3000",
        "accept-encoding": "gzip, deflate, br",
        "connection": "keep-alive",
        "content-length": "68"
    },
    "statusCode": 201,
    "responseTime": "29ms"
}
===============================================================================================
===============================================================================================

{
    "time": "2026-08-26T06:25:01.274Z",
    "method": "GET",
    "url": "/api/v1/tours/5c88fa8cf4afda39709c296c/showReview",
    "ip": "::1",
    "params": {
        "tourID": "5c88fa8cf4afda39709c296c"
    },
    "query": {},
    "body": {},
    "headers": {
        "user-agent": "PostmanRuntime/7.56.1",
        "accept": "*/*",
        "cache-control": "no-cache",
        "postman-token": "964341a8-f3a6-4bf6-a88d-06eff397bf37",
        "host": "localhost:3000",
        "accept-encoding": "gzip, deflate, br",
        "connection": "keep-alive"
    },
    "statusCode": 200,
    "responseTime": "10ms"
}
===============================================================================================
===============================================================================================

{
    "time": "2026-08-26T06:39:02.434Z",
    "method": "DELETE",
    "url": "/api/v1/tours/5c88fa8cf4afda39709c2960",
    "ip": "::1",
    "params": {},
    "query": {},
    "body": {},
    "headers": {
        "user-agent": "PostmanRuntime/7.56.1",
        "accept": "*/*",
        "cache-control": "no-cache",
        "postman-token": "f4986c8b-588c-4200-81c6-cc0128befe87",
        "host": "localhost:3000",
        "accept-encoding": "gzip, deflate, br",
        "connection": "keep-alive"
    },
    "statusCode": 403,
    "responseTime": "34ms"
}
===============================================================================================
===============================================================================================

{
    "time": "2026-08-26T06:39:17.927Z",
    "method": "POST",
    "url": "/api/v1/auth/login",
    "ip": "::1",
    "params": {},
    "query": {},
    "body": {
        "email": "admin@gmail.com"
    },
    "headers": {
        "content-type": "application/json",
        "user-agent": "PostmanRuntime/7.56.1",
        "accept": "*/*",
        "cache-control": "no-cache",
        "postman-token": "5defbceb-f9b2-4c53-9891-a335fdf7a302",
        "host": "localhost:3000",
        "accept-encoding": "gzip, deflate, br",
        "connection": "keep-alive",
        "content-length": "68"
    },
    "statusCode": 200,
    "responseTime": "327ms"
}
===============================================================================================
===============================================================================================

{
    "time": "2026-08-26T06:39:20.989Z",
    "method": "DELETE",
    "url": "/api/v1/tours/5c88fa8cf4afda39709c2960",
    "ip": "::1",
    "params": {
        "id": "5c88fa8cf4afda39709c2960"
    },
    "query": {},
    "body": {},
    "headers": {
        "user-agent": "PostmanRuntime/7.56.1",
        "accept": "*/*",
        "cache-control": "no-cache",
        "postman-token": "0f8b4f86-37f8-48f6-9b65-0a21dc8c8fd1",
        "host": "localhost:3000",
        "accept-encoding": "gzip, deflate, br",
        "connection": "keep-alive"
    },
    "statusCode": 200,
    "responseTime": "25ms"
}
===============================================================================================
===============================================================================================

{
    "time": "2026-08-26T06:39:27.215Z",
    "method": "GET",
    "url": "/api/v1/tours/5c88fa8cf4afda39709c296c/showReview",
    "ip": "::1",
    "params": {},
    "query": {},
    "body": {},
    "headers": {
        "user-agent": "PostmanRuntime/7.56.1",
        "accept": "*/*",
        "cache-control": "no-cache",
        "postman-token": "736d81cb-5d4f-4f90-b8c3-4556258628f1",
        "host": "localhost:3000",
        "accept-encoding": "gzip, deflate, br",
        "connection": "keep-alive"
    },
    "statusCode": 403,
    "responseTime": "3ms"
}
===============================================================================================
===============================================================================================

{
    "time": "2026-08-26T06:39:34.129Z",
    "method": "POST",
    "url": "/api/v1/auth/login",
    "ip": "::1",
    "params": {},
    "query": {},
    "body": {
        "email": "dhruvuser@gmail.com"
    },
    "headers": {
        "content-type": "application/json",
        "user-agent": "PostmanRuntime/7.56.1",
        "accept": "*/*",
        "cache-control": "no-cache",
        "postman-token": "3db12a97-9cb7-46aa-a14f-bcc0f8c85bab",
        "host": "localhost:3000",
        "accept-encoding": "gzip, deflate, br",
        "connection": "keep-alive",
        "content-length": "74"
    },
    "statusCode": 401,
    "responseTime": "309ms"
}
===============================================================================================
===============================================================================================

{
    "time": "2026-08-26T06:39:36.191Z",
    "method": "POST",
    "url": "/api/v1/auth/login",
    "ip": "::1",
    "params": {},
    "query": {},
    "body": {
        "email": "dhruvuser@gmail.com"
    },
    "headers": {
        "content-type": "application/json",
        "user-agent": "PostmanRuntime/7.56.1",
        "accept": "*/*",
        "cache-control": "no-cache",
        "postman-token": "1a47f159-4ca2-4009-b3f9-9ef174ba71f4",
        "host": "localhost:3000",
        "accept-encoding": "gzip, deflate, br",
        "connection": "keep-alive",
        "content-length": "75"
    },
    "statusCode": 200,
    "responseTime": "356ms"
}
===============================================================================================
===============================================================================================

{
    "time": "2026-08-26T06:39:39.329Z",
    "method": "DELETE",
    "url": "/api/v1/tours/5c88fa8cf4afda39709c2960",
    "ip": "::1",
    "params": {},
    "query": {},
    "body": {},
    "headers": {
        "user-agent": "PostmanRuntime/7.56.1",
        "accept": "*/*",
        "cache-control": "no-cache",
        "postman-token": "74f9f73f-c075-4257-a3ca-c64bb2e06282",
        "host": "localhost:3000",
        "accept-encoding": "gzip, deflate, br",
        "connection": "keep-alive"
    },
    "statusCode": 403,
    "responseTime": "4ms"
}
===============================================================================================
===============================================================================================

{
    "time": "2026-08-26T06:39:42.432Z",
    "method": "GET",
    "url": "/api/v1/tours/5c88fa8cf4afda39709c296c/showReview",
    "ip": "::1",
    "params": {
        "tourID": "5c88fa8cf4afda39709c296c"
    },
    "query": {},
    "body": {},
    "headers": {
        "user-agent": "PostmanRuntime/7.56.1",
        "accept": "*/*",
        "cache-control": "no-cache",
        "postman-token": "5645e9a2-f19a-4c3f-87fb-df33cde0cf31",
        "host": "localhost:3000",
        "accept-encoding": "gzip, deflate, br",
        "connection": "keep-alive"
    },
    "statusCode": 200,
    "responseTime": "15ms"
}
===============================================================================================
===============================================================================================

{
    "time": "2026-08-26T06:40:01.577Z",
    "method": "GET",
    "url": "/api/v1/tours/5c88fa8cf4afda39709c2960/showReview",
    "ip": "::1",
    "params": {
        "tourID": "5c88fa8cf4afda39709c2960"
    },
    "query": {},
    "body": {},
    "headers": {
        "user-agent": "PostmanRuntime/7.56.1",
        "accept": "*/*",
        "cache-control": "no-cache",
        "postman-token": "f85df5f9-1026-4612-812f-4a65d6ec937e",
        "host": "localhost:3000",
        "accept-encoding": "gzip, deflate, br",
        "connection": "keep-alive"
    },
    "statusCode": 200,
    "responseTime": "8ms"
}
===============================================================================================
===============================================================================================

{
    "time": "2026-08-26T06:51:52.863Z",
    "method": "POST",
    "url": "/api/v1/auth/login",
    "ip": "::1",
    "params": {},
    "query": {},
    "body": {
        "email": "dhruvuser@gmail.com"
    },
    "headers": {
        "content-type": "application/json",
        "user-agent": "PostmanRuntime/7.56.1",
        "accept": "*/*",
        "cache-control": "no-cache",
        "postman-token": "109d09bf-f383-4a50-8979-792041e39d4c",
        "host": "localhost:3000",
        "accept-encoding": "gzip, deflate, br",
        "connection": "keep-alive",
        "content-length": "75"
    },
    "statusCode": 200,
    "responseTime": "331ms"
}
===============================================================================================
===============================================================================================

{
    "time": "2026-08-26T06:52:04.859Z",
    "method": "POST",
    "url": "/api/v1/tours/5c88fa8cf4afda39709c296c/addReview",
    "ip": "::1",
    "params": {
        "tourID": "5c88fa8cf4afda39709c296c"
    },
    "query": {},
    "body": {
        "review": "This Place is very best for ",
        "rating": 5,
        "refToTour": "5c88fa8cf4afda39709c296c",
        "refToUser": "6a8e7b572a0177dbef658b68"
    },
    "headers": {
        "content-type": "application/json",
        "user-agent": "PostmanRuntime/7.56.1",
        "accept": "*/*",
        "cache-control": "no-cache",
        "postman-token": "98d78088-6d07-44a2-b781-d7753f52069f",
        "host": "localhost:3000",
        "accept-encoding": "gzip, deflate, br",
        "connection": "keep-alive",
        "content-length": "68"
    },
    "statusCode": 201,
    "responseTime": "10ms"
}
===============================================================================================
===============================================================================================

{
    "time": "2026-08-26T06:52:25.370Z",
    "method": "GET",
    "url": "/api/v1/review/deleteReview/6a8e8d14a4a89f2b50b45b6d",
    "ip": "::1",
    "params": {},
    "query": {},
    "body": {},
    "headers": {
        "user-agent": "PostmanRuntime/7.56.1",
        "accept": "*/*",
        "cache-control": "no-cache",
        "postman-token": "18321e4c-86e6-4bc3-a570-fee12ecb9f9d",
        "host": "localhost:3000",
        "accept-encoding": "gzip, deflate, br",
        "connection": "keep-alive"
    },
    "statusCode": 404,
    "responseTime": "1ms"
}
===============================================================================================
===============================================================================================

{
    "time": "2026-08-26T06:52:30.148Z",
    "method": "DELETE",
    "url": "/api/v1/review/deleteReview/6a8e8d14a4a89f2b50b45b6d",
    "ip": "::1",
    "params": {},
    "query": {},
    "body": {},
    "headers": {
        "user-agent": "PostmanRuntime/7.56.1",
        "accept": "*/*",
        "cache-control": "no-cache",
        "postman-token": "09010b28-0271-4e5c-92c2-5c110986eba8",
        "host": "localhost:3000",
        "accept-encoding": "gzip, deflate, br",
        "connection": "keep-alive"
    },
    "statusCode": 403,
    "responseTime": "3ms"
}
===============================================================================================
===============================================================================================

{
    "time": "2026-08-26T06:52:41.379Z",
    "method": "POST",
    "url": "/api/v1/auth/login",
    "ip": "::1",
    "params": {},
    "query": {},
    "body": {
        "email": "admin@gmail.com"
    },
    "headers": {
        "content-type": "application/json",
        "user-agent": "PostmanRuntime/7.56.1",
        "accept": "*/*",
        "cache-control": "no-cache",
        "postman-token": "bc7e5491-b5d2-4358-9ad8-5a85573715cd",
        "host": "localhost:3000",
        "accept-encoding": "gzip, deflate, br",
        "connection": "keep-alive",
        "content-length": "68"
    },
    "statusCode": 200,
    "responseTime": "311ms"
}
===============================================================================================
===============================================================================================

{
    "time": "2026-08-26T06:52:44.013Z",
    "method": "DELETE",
    "url": "/api/v1/review/deleteReview/6a8e8d14a4a89f2b50b45b6d",
    "ip": "::1",
    "params": {
        "id": "6a8e8d14a4a89f2b50b45b6d"
    },
    "query": {},
    "body": {},
    "headers": {
        "user-agent": "PostmanRuntime/7.56.1",
        "accept": "*/*",
        "cache-control": "no-cache",
        "postman-token": "50aa49ec-cf83-4ffc-8ab9-e4c716fa9ce8",
        "host": "localhost:3000",
        "accept-encoding": "gzip, deflate, br",
        "connection": "keep-alive"
    },
    "statusCode": 200,
    "responseTime": "5ms"
}
===============================================================================================
===============================================================================================

{
    "time": "2026-08-26T07:06:01.452Z",
    "method": "DELETE",
    "url": "/api/v1/review/deleteReview/6a8e8d14a4a89f2b50b45b6d",
    "ip": "::1",
    "params": {},
    "query": {},
    "body": {},
    "headers": {
        "user-agent": "PostmanRuntime/7.56.1",
        "accept": "*/*",
        "cache-control": "no-cache",
        "postman-token": "51786c0c-78d6-4215-ac83-282681d8d27f",
        "host": "localhost:3000",
        "accept-encoding": "gzip, deflate, br",
        "connection": "keep-alive"
    },
    "statusCode": 404,
    "responseTime": "34ms"
}
===============================================================================================
===============================================================================================

{
    "time": "2026-08-26T07:10:49.681Z",
    "method": "GET",
    "url": "/api/v1/tours/",
    "ip": "::1",
    "params": {},
    "query": {},
    "body": {},
    "headers": {
        "user-agent": "PostmanRuntime/7.56.1",
        "accept": "*/*",
        "cache-control": "no-cache",
        "postman-token": "f248e004-2bbf-443d-814b-e23e37f319a4",
        "host": "localhost:3000",
        "accept-encoding": "gzip, deflate, br",
        "connection": "keep-alive"
    },
    "statusCode": 200,
    "responseTime": "48ms"
}
===============================================================================================
===============================================================================================

{
    "time": "2026-08-26T07:11:45.681Z",
    "method": "POST",
    "url": "/api/v1/tours",
    "ip": "::1",
    "params": {},
    "query": {},
    "body": {
        "startLocation": {
            "description": "New York, USA",
            "type": "Point",
            "coordinates": [
                -74.006,
                40.7128
            ],
            "address": "20 W 34th St, New York, NY 10001, USA"
        },
        "ratingsAverage": 4.7,
        "ratingsQuantity": 8,
        "images": [
            "tour-6-1.jpg",
            "tour-6-2.jpg",
            "tour-6-3.jpg"
        ],
        "startDates": [
            "2026-09-15T09:00:00.000Z",
            "2026-10-20T09:00:00.000Z",
            "2026-11-18T09:00:00.000Z"
        ],
        "_id": "6c88fa8cf4afda39709c2960",
        "name": "The City Explorer",
        "duration": 6,
        "maxGroupSize": 18,
        "difficulty": "easy",
        "guides": [
            "5c8a22c62f8fb814b56fa18b",
            "5c8a1f4e2f8fb814b56fa185"
        ],
        "price": 597,
        "summary": "Discover the iconic streets, parks, and hidden gems of New York City",
        "description": "Explore the vibrant streets of New York City and discover its famous landmarks, beautiful parks, and hidden neighborhoods. Walk through Central Park, visit the historic Brooklyn Bridge, and experience the energy of Manhattan. This tour combines sightseeing, local culture, great food, and unforgettable city views.",
        "imageCover": "tour-6-cover.jpg",
        "locations": [
            {
                "_id": "6c88fa8cf4afda39709c2961",
                "description": "Central Park",
                "type": "Point",
                "coordinates": [
                    -73.9654,
                    40.7829
                ],
                "day": 1
            },
            {
                "_id": "6c88fa8cf4afda39709c2962",
                "description": "Times Square",
                "type": "Point",
                "coordinates": [
                    -73.9855,
                    40.758
                ],
                "day": 2
            },
            {
                "_id": "6c88fa8cf4afda39709c2963",
                "description": "Brooklyn Bridge",
                "type": "Point",
                "coordinates": [
                    -73.9969,
                    40.7061
                ],
                "day": 3
            },
            {
                "_id": "6c88fa8cf4afda39709c2964",
                "description": "Statue of Liberty",
                "type": "Point",
                "coordinates": [
                    -74.0445,
                    40.6892
                ],
                "day": 5
            }
        ]
    },
    "headers": {
        "content-type": "application/json",
        "user-agent": "PostmanRuntime/7.56.1",
        "accept": "*/*",
        "cache-control": "no-cache",
        "postman-token": "365ff0b9-6771-433a-b4df-83fa52232c52",
        "host": "localhost:3000",
        "accept-encoding": "gzip, deflate, br",
        "connection": "keep-alive",
        "content-length": "1883"
    },
    "statusCode": 201,
    "responseTime": "19ms"
}
===============================================================================================
===============================================================================================

{
    "time": "2026-08-26T07:26:54.123Z",
    "method": "DELETE",
    "url": "/api/v1/review/updateReview/6a8e86ba52ff27e2a5dc0ab1/",
    "ip": "::1",
    "params": {},
    "query": {},
    "body": {
        "rating": 1
    },
    "headers": {
        "content-type": "application/json",
        "user-agent": "PostmanRuntime/7.56.1",
        "accept": "*/*",
        "cache-control": "no-cache",
        "postman-token": "f409d1aa-5f69-4c17-a699-6b60fd543b54",
        "host": "localhost:3000",
        "accept-encoding": "gzip, deflate, br",
        "connection": "keep-alive",
        "content-length": "20"
    },
    "statusCode": 404,
    "responseTime": "15ms"
}
===============================================================================================
===============================================================================================

{
    "time": "2026-08-26T07:27:01.160Z",
    "method": "PATCH",
    "url": "/api/v1/review/updateReview/6a8e86ba52ff27e2a5dc0ab1/",
    "ip": "::1",
    "params": {},
    "query": {},
    "body": {
        "rating": 1
    },
    "headers": {
        "content-type": "application/json",
        "user-agent": "PostmanRuntime/7.56.1",
        "accept": "*/*",
        "cache-control": "no-cache",
        "postman-token": "722b93cf-dc4d-4407-aba3-abbad880c551",
        "host": "localhost:3000",
        "accept-encoding": "gzip, deflate, br",
        "connection": "keep-alive",
        "content-length": "20"
    },
    "statusCode": 404,
    "responseTime": "1ms"
}
===============================================================================================
===============================================================================================

{
    "time": "2026-08-26T07:27:13.254Z",
    "method": "GET",
    "url": "/api/v1/review/updateReview/6a8e86ba52ff27e2a5dc0ab1/",
    "ip": "::1",
    "params": {},
    "query": {},
    "body": {
        "rating": 1
    },
    "headers": {
        "content-type": "application/json",
        "user-agent": "PostmanRuntime/7.56.1",
        "accept": "*/*",
        "cache-control": "no-cache",
        "postman-token": "14dce12e-4984-49c1-8ae0-be84f32087f9",
        "host": "localhost:3000",
        "accept-encoding": "gzip, deflate, br",
        "connection": "keep-alive",
        "content-length": "20"
    },
    "statusCode": 404,
    "responseTime": "1ms"
}
===============================================================================================
===============================================================================================

{
    "time": "2026-08-26T07:27:16.322Z",
    "method": "PATCH",
    "url": "/api/v1/review/updateReview/6a8e86ba52ff27e2a5dc0ab1/",
    "ip": "::1",
    "params": {},
    "query": {},
    "body": {
        "rating": 1
    },
    "headers": {
        "content-type": "application/json",
        "user-agent": "PostmanRuntime/7.56.1",
        "accept": "*/*",
        "cache-control": "no-cache",
        "postman-token": "118a7b71-6eab-4bf1-bce6-a07431dfc04e",
        "host": "localhost:3000",
        "accept-encoding": "gzip, deflate, br",
        "connection": "keep-alive",
        "content-length": "20"
    },
    "statusCode": 404,
    "responseTime": "1ms"
}
===============================================================================================
===============================================================================================

{
    "time": "2026-08-26T07:27:22.647Z",
    "method": "PATCH",
    "url": "/api/v1/review/updateReview/6a8e86ba52ff27e2a5dc0ab1",
    "ip": "::1",
    "params": {},
    "query": {},
    "body": {
        "rating": 1
    },
    "headers": {
        "content-type": "application/json",
        "user-agent": "PostmanRuntime/7.56.1",
        "accept": "*/*",
        "cache-control": "no-cache",
        "postman-token": "196c3a0c-edce-47de-a4e6-4e40941fcfe3",
        "host": "localhost:3000",
        "accept-encoding": "gzip, deflate, br",
        "connection": "keep-alive",
        "content-length": "20"
    },
    "statusCode": 404,
    "responseTime": "1ms"
}
===============================================================================================
===============================================================================================

{
    "time": "2026-08-26T07:27:48.513Z",
    "method": "PATCH",
    "url": "/api/v1/review/updateReview/6a8e86ba52ff27e2a5dc0ab1",
    "ip": "::1",
    "params": {},
    "query": {},
    "body": {
        "rating": 1
    },
    "headers": {
        "content-type": "application/json",
        "user-agent": "PostmanRuntime/7.56.1",
        "accept": "*/*",
        "cache-control": "no-cache",
        "postman-token": "164779ff-19df-40e7-9a38-e7103eb93406",
        "host": "localhost:3000",
        "accept-encoding": "gzip, deflate, br",
        "connection": "keep-alive",
        "content-length": "20"
    },
    "statusCode": 404,
    "responseTime": "1ms"
}
===============================================================================================
===============================================================================================

{
    "time": "2026-08-26T07:27:49.365Z",
    "method": "PATCH",
    "url": "/api/v1/review/updateReview/6a8e86ba52ff27e2a5dc0ab1",
    "ip": "::1",
    "params": {},
    "query": {},
    "body": {
        "rating": 1
    },
    "headers": {
        "content-type": "application/json",
        "user-agent": "PostmanRuntime/7.56.1",
        "accept": "*/*",
        "cache-control": "no-cache",
        "postman-token": "22a5e297-4013-41f3-9d88-8dd35d8b7ed7",
        "host": "localhost:3000",
        "accept-encoding": "gzip, deflate, br",
        "connection": "keep-alive",
        "content-length": "20"
    },
    "statusCode": 404,
    "responseTime": "1ms"
}
===============================================================================================
===============================================================================================

{
    "time": "2026-08-26T07:27:50.360Z",
    "method": "PATCH",
    "url": "/api/v1/review/updateReview/6a8e86ba52ff27e2a5dc0ab1",
    "ip": "::1",
    "params": {},
    "query": {},
    "body": {
        "rating": 1
    },
    "headers": {
        "content-type": "application/json",
        "user-agent": "PostmanRuntime/7.56.1",
        "accept": "*/*",
        "cache-control": "no-cache",
        "postman-token": "abcb5a5f-9bef-408e-ba2e-c519d3a29187",
        "host": "localhost:3000",
        "accept-encoding": "gzip, deflate, br",
        "connection": "keep-alive",
        "content-length": "20"
    },
    "statusCode": 404,
    "responseTime": "1ms"
}
===============================================================================================
===============================================================================================

{
    "time": "2026-08-26T07:28:37.174Z",
    "method": "PATCH",
    "url": "/api/v1/review/updateReview/6a8e86ba52ff27e2a5dc0ab1",
    "ip": "::1",
    "params": {},
    "query": {},
    "body": {
        "rating": 1
    },
    "headers": {
        "content-type": "application/json",
        "user-agent": "PostmanRuntime/7.56.1",
        "accept": "*/*",
        "cache-control": "no-cache",
        "postman-token": "9429fcc9-0007-4cd2-a4ca-672c41ff3a0b",
        "host": "localhost:3000",
        "accept-encoding": "gzip, deflate, br",
        "connection": "keep-alive",
        "content-length": "20"
    },
    "statusCode": 404,
    "responseTime": "0ms"
}
===============================================================================================
===============================================================================================

{
    "time": "2026-08-26T07:28:41.101Z",
    "method": "PATCH",
    "url": "/api/v1/review/updateReview/6a8e86ba52ff27e2a5dc0ab1",
    "ip": "::1",
    "params": {},
    "query": {},
    "body": {
        "rating": 1
    },
    "headers": {
        "content-type": "application/json",
        "user-agent": "PostmanRuntime/7.56.1",
        "accept": "*/*",
        "cache-control": "no-cache",
        "postman-token": "e55993ee-f298-492e-a8d4-278b23acedee",
        "host": "localhost:3000",
        "accept-encoding": "gzip, deflate, br",
        "connection": "keep-alive",
        "content-length": "20"
    },
    "statusCode": 404,
    "responseTime": "1ms"
}
===============================================================================================
===============================================================================================

{
    "time": "2026-08-26T07:29:08.360Z",
    "method": "PATCH",
    "url": "/api/v1/review/updateReview/6a8e86ba52ff27e2a5dc0ab1",
    "ip": "::1",
    "params": {},
    "query": {},
    "body": {
        "rating": 1
    },
    "headers": {
        "content-type": "application/json",
        "user-agent": "PostmanRuntime/7.56.1",
        "accept": "*/*",
        "cache-control": "no-cache",
        "postman-token": "c643f458-7a2d-4914-bdcb-2a9cb8d4ecc9",
        "host": "localhost:3000",
        "accept-encoding": "gzip, deflate, br",
        "connection": "keep-alive",
        "content-length": "20"
    },
    "statusCode": 404,
    "responseTime": "1ms"
}
===============================================================================================
===============================================================================================

{
    "time": "2026-08-26T07:33:53.287Z",
    "method": "PATCH",
    "url": "/api/v1/review/updateReview/6a8e86ba52ff27e2a5dc0ab1",
    "ip": "::1",
    "params": {
        "id": "6a8e86ba52ff27e2a5dc0ab1"
    },
    "query": {},
    "body": {
        "rating": 1
    },
    "headers": {
        "content-type": "application/json",
        "user-agent": "PostmanRuntime/7.56.1",
        "accept": "*/*",
        "cache-control": "no-cache",
        "postman-token": "8d9adf03-7a3e-45de-bac6-037a47fe62e2",
        "host": "localhost:3000",
        "accept-encoding": "gzip, deflate, br",
        "connection": "keep-alive",
        "content-length": "20"
    },
    "statusCode": 202,
    "responseTime": "36ms"
}
===============================================================================================
===============================================================================================

{
    "time": "2026-08-26T07:43:43.332Z",
    "method": "PATCH",
    "url": "/api/v1/review/updateReview/6a8e86ba52ff27e2a5dc0ab1",
    "ip": "::1",
    "params": {
        "id": "6a8e86ba52ff27e2a5dc0ab1"
    },
    "query": {},
    "body": {
        "rating": 1
    },
    "headers": {
        "content-type": "application/json",
        "user-agent": "PostmanRuntime/7.56.1",
        "accept": "*/*",
        "cache-control": "no-cache",
        "postman-token": "1ecbaeea-472f-441e-b921-835304e3fc5d",
        "host": "localhost:3000",
        "accept-encoding": "gzip, deflate, br",
        "connection": "keep-alive",
        "content-length": "20"
    },
    "statusCode": 202,
    "responseTime": "34ms"
}
===============================================================================================
===============================================================================================

{
    "time": "2026-08-26T07:44:05.765Z",
    "method": "PATCH",
    "url": "/api/v1/review/updateReview/6a8e86ba52ff27e2a5dc0ab1",
    "ip": "::1",
    "params": {
        "id": "6a8e86ba52ff27e2a5dc0ab1"
    },
    "query": {},
    "body": {
        "rating": 1
    },
    "headers": {
        "content-type": "application/json",
        "user-agent": "PostmanRuntime/7.56.1",
        "accept": "*/*",
        "cache-control": "no-cache",
        "postman-token": "0887c64f-0873-49a7-8ec4-d575b21e126e",
        "host": "localhost:3000",
        "accept-encoding": "gzip, deflate, br",
        "connection": "keep-alive",
        "content-length": "20"
    },
    "statusCode": 202,
    "responseTime": "4ms"
}
===============================================================================================
===============================================================================================

{
    "time": "2026-08-26T07:44:09.106Z",
    "method": "PATCH",
    "url": "/api/v1/review/updateReview/6a8e86ba52ff27e2a5dc0ab1",
    "ip": "::1",
    "params": {
        "id": "6a8e86ba52ff27e2a5dc0ab1"
    },
    "query": {},
    "body": {
        "rating": 1
    },
    "headers": {
        "content-type": "application/json",
        "user-agent": "PostmanRuntime/7.56.1",
        "accept": "*/*",
        "cache-control": "no-cache",
        "postman-token": "9115cbd9-75a6-4473-833e-52d43a0212bb",
        "host": "localhost:3000",
        "accept-encoding": "gzip, deflate, br",
        "connection": "keep-alive",
        "content-length": "20"
    },
    "statusCode": 202,
    "responseTime": "5ms"
}
===============================================================================================
===============================================================================================

{
    "time": "2026-08-26T07:44:10.299Z",
    "method": "PATCH",
    "url": "/api/v1/review/updateReview/6a8e86ba52ff27e2a5dc0ab1",
    "ip": "::1",
    "params": {
        "id": "6a8e86ba52ff27e2a5dc0ab1"
    },
    "query": {},
    "body": {
        "rating": 1
    },
    "headers": {
        "content-type": "application/json",
        "user-agent": "PostmanRuntime/7.56.1",
        "accept": "*/*",
        "cache-control": "no-cache",
        "postman-token": "0354e95e-7452-4d1b-87fd-46a4e1a00aae",
        "host": "localhost:3000",
        "accept-encoding": "gzip, deflate, br",
        "connection": "keep-alive",
        "content-length": "20"
    },
    "statusCode": 202,
    "responseTime": "5ms"
}
===============================================================================================
===============================================================================================

{
    "time": "2026-08-26T07:44:11.243Z",
    "method": "PATCH",
    "url": "/api/v1/review/updateReview/6a8e86ba52ff27e2a5dc0ab1",
    "ip": "::1",
    "params": {
        "id": "6a8e86ba52ff27e2a5dc0ab1"
    },
    "query": {},
    "body": {
        "rating": 1
    },
    "headers": {
        "content-type": "application/json",
        "user-agent": "PostmanRuntime/7.56.1",
        "accept": "*/*",
        "cache-control": "no-cache",
        "postman-token": "824e88f8-98a2-4dcc-9934-44a413b09633",
        "host": "localhost:3000",
        "accept-encoding": "gzip, deflate, br",
        "connection": "keep-alive",
        "content-length": "20"
    },
    "statusCode": 202,
    "responseTime": "4ms"
}
===============================================================================================
===============================================================================================

{
    "time": "2026-08-26T07:44:12.118Z",
    "method": "PATCH",
    "url": "/api/v1/review/updateReview/6a8e86ba52ff27e2a5dc0ab1",
    "ip": "::1",
    "params": {
        "id": "6a8e86ba52ff27e2a5dc0ab1"
    },
    "query": {},
    "body": {
        "rating": 1
    },
    "headers": {
        "content-type": "application/json",
        "user-agent": "PostmanRuntime/7.56.1",
        "accept": "*/*",
        "cache-control": "no-cache",
        "postman-token": "24308c01-47ce-48a5-bb33-2cc97848dc81",
        "host": "localhost:3000",
        "accept-encoding": "gzip, deflate, br",
        "connection": "keep-alive",
        "content-length": "20"
    },
    "statusCode": 202,
    "responseTime": "4ms"
}
===============================================================================================
===============================================================================================

{
    "time": "2026-08-26T07:44:12.950Z",
    "method": "PATCH",
    "url": "/api/v1/review/updateReview/6a8e86ba52ff27e2a5dc0ab1",
    "ip": "::1",
    "params": {
        "id": "6a8e86ba52ff27e2a5dc0ab1"
    },
    "query": {},
    "body": {
        "rating": 1
    },
    "headers": {
        "content-type": "application/json",
        "user-agent": "PostmanRuntime/7.56.1",
        "accept": "*/*",
        "cache-control": "no-cache",
        "postman-token": "1dd79da4-b178-4ae1-a723-df39172d0b5c",
        "host": "localhost:3000",
        "accept-encoding": "gzip, deflate, br",
        "connection": "keep-alive",
        "content-length": "20"
    },
    "statusCode": 202,
    "responseTime": "4ms"
}
===============================================================================================
===============================================================================================

{
    "time": "2026-08-26T07:44:16.758Z",
    "method": "PATCH",
    "url": "/api/v1/review/updateReview/6a8e86ba52ff27e2a5dc0ab1",
    "ip": "::1",
    "params": {
        "id": "6a8e86ba52ff27e2a5dc0ab1"
    },
    "query": {},
    "body": {
        "rating": 1
    },
    "headers": {
        "content-type": "application/json",
        "user-agent": "PostmanRuntime/7.56.1",
        "accept": "*/*",
        "cache-control": "no-cache",
        "postman-token": "455edecd-dcd6-4617-86bc-e1f9ddf4314c",
        "host": "localhost:3000",
        "accept-encoding": "gzip, deflate, br",
        "connection": "keep-alive",
        "content-length": "20"
    },
    "statusCode": 202,
    "responseTime": "3ms"
}
===============================================================================================
===============================================================================================

{
    "time": "2026-08-26T07:44:17.622Z",
    "method": "PATCH",
    "url": "/api/v1/review/updateReview/6a8e86ba52ff27e2a5dc0ab1",
    "ip": "::1",
    "params": {
        "id": "6a8e86ba52ff27e2a5dc0ab1"
    },
    "query": {},
    "body": {
        "rating": 1
    },
    "headers": {
        "content-type": "application/json",
        "user-agent": "PostmanRuntime/7.56.1",
        "accept": "*/*",
        "cache-control": "no-cache",
        "postman-token": "475b14eb-e79c-4dda-876e-02d72650e1c0",
        "host": "localhost:3000",
        "accept-encoding": "gzip, deflate, br",
        "connection": "keep-alive",
        "content-length": "20"
    },
    "statusCode": 202,
    "responseTime": "5ms"
}
===============================================================================================
===============================================================================================

{
    "time": "2026-08-26T07:44:18.456Z",
    "method": "PATCH",
    "url": "/api/v1/review/updateReview/6a8e86ba52ff27e2a5dc0ab1",
    "ip": "::1",
    "params": {
        "id": "6a8e86ba52ff27e2a5dc0ab1"
    },
    "query": {},
    "body": {
        "rating": 1
    },
    "headers": {
        "content-type": "application/json",
        "user-agent": "PostmanRuntime/7.56.1",
        "accept": "*/*",
        "cache-control": "no-cache",
        "postman-token": "6bf94063-70d5-4502-ab00-6a842d21a621",
        "host": "localhost:3000",
        "accept-encoding": "gzip, deflate, br",
        "connection": "keep-alive",
        "content-length": "20"
    },
    "statusCode": 202,
    "responseTime": "6ms"
}
===============================================================================================
===============================================================================================

{
    "time": "2026-08-26T07:44:19.681Z",
    "method": "PATCH",
    "url": "/api/v1/review/updateReview/6a8e86ba52ff27e2a5dc0ab1",
    "ip": "::1",
    "params": {
        "id": "6a8e86ba52ff27e2a5dc0ab1"
    },
    "query": {},
    "body": {
        "rating": 1
    },
    "headers": {
        "content-type": "application/json",
        "user-agent": "PostmanRuntime/7.56.1",
        "accept": "*/*",
        "cache-control": "no-cache",
        "postman-token": "41d5be2a-7a4f-448e-95b0-ac1d940a5235",
        "host": "localhost:3000",
        "accept-encoding": "gzip, deflate, br",
        "connection": "keep-alive",
        "content-length": "20"
    },
    "statusCode": 202,
    "responseTime": "3ms"
}
===============================================================================================
===============================================================================================

{
    "time": "2026-08-26T07:44:20.500Z",
    "method": "PATCH",
    "url": "/api/v1/review/updateReview/6a8e86ba52ff27e2a5dc0ab1",
    "ip": "::1",
    "params": {
        "id": "6a8e86ba52ff27e2a5dc0ab1"
    },
    "query": {},
    "body": {
        "rating": 1
    },
    "headers": {
        "content-type": "application/json",
        "user-agent": "PostmanRuntime/7.56.1",
        "accept": "*/*",
        "cache-control": "no-cache",
        "postman-token": "28f44b5f-cbc8-47ae-95b1-5a9e31afc3c2",
        "host": "localhost:3000",
        "accept-encoding": "gzip, deflate, br",
        "connection": "keep-alive",
        "content-length": "20"
    },
    "statusCode": 202,
    "responseTime": "3ms"
}
===============================================================================================
===============================================================================================

{
    "time": "2026-08-26T07:44:21.333Z",
    "method": "PATCH",
    "url": "/api/v1/review/updateReview/6a8e86ba52ff27e2a5dc0ab1",
    "ip": "::1",
    "params": {
        "id": "6a8e86ba52ff27e2a5dc0ab1"
    },
    "query": {},
    "body": {
        "rating": 1
    },
    "headers": {
        "content-type": "application/json",
        "user-agent": "PostmanRuntime/7.56.1",
        "accept": "*/*",
        "cache-control": "no-cache",
        "postman-token": "b415d15b-285a-42bd-bed8-52fd2e2f9b75",
        "host": "localhost:3000",
        "accept-encoding": "gzip, deflate, br",
        "connection": "keep-alive",
        "content-length": "20"
    },
    "statusCode": 202,
    "responseTime": "4ms"
}
===============================================================================================
===============================================================================================

{
    "time": "2026-08-26T07:44:22.165Z",
    "method": "PATCH",
    "url": "/api/v1/review/updateReview/6a8e86ba52ff27e2a5dc0ab1",
    "ip": "::1",
    "params": {
        "id": "6a8e86ba52ff27e2a5dc0ab1"
    },
    "query": {},
    "body": {
        "rating": 1
    },
    "headers": {
        "content-type": "application/json",
        "user-agent": "PostmanRuntime/7.56.1",
        "accept": "*/*",
        "cache-control": "no-cache",
        "postman-token": "d4aee0a5-be9d-4bc7-9eac-66b89b1332ba",
        "host": "localhost:3000",
        "accept-encoding": "gzip, deflate, br",
        "connection": "keep-alive",
        "content-length": "20"
    },
    "statusCode": 202,
    "responseTime": "3ms"
}
===============================================================================================
===============================================================================================

{
    "time": "2026-08-26T07:44:22.939Z",
    "method": "PATCH",
    "url": "/api/v1/review/updateReview/6a8e86ba52ff27e2a5dc0ab1",
    "ip": "::1",
    "params": {
        "id": "6a8e86ba52ff27e2a5dc0ab1"
    },
    "query": {},
    "body": {
        "rating": 1
    },
    "headers": {
        "content-type": "application/json",
        "user-agent": "PostmanRuntime/7.56.1",
        "accept": "*/*",
        "cache-control": "no-cache",
        "postman-token": "c782adf8-cc26-4b4e-ba0d-741f8ce1821e",
        "host": "localhost:3000",
        "accept-encoding": "gzip, deflate, br",
        "connection": "keep-alive",
        "content-length": "20"
    },
    "statusCode": 202,
    "responseTime": "5ms"
}
===============================================================================================
===============================================================================================

{
    "time": "2026-08-26T07:44:23.706Z",
    "method": "PATCH",
    "url": "/api/v1/review/updateReview/6a8e86ba52ff27e2a5dc0ab1",
    "ip": "::1",
    "params": {
        "id": "6a8e86ba52ff27e2a5dc0ab1"
    },
    "query": {},
    "body": {
        "rating": 1
    },
    "headers": {
        "content-type": "application/json",
        "user-agent": "PostmanRuntime/7.56.1",
        "accept": "*/*",
        "cache-control": "no-cache",
        "postman-token": "12b6a80b-d981-4071-8243-04e38ef199f0",
        "host": "localhost:3000",
        "accept-encoding": "gzip, deflate, br",
        "connection": "keep-alive",
        "content-length": "20"
    },
    "statusCode": 202,
    "responseTime": "4ms"
}
===============================================================================================
===============================================================================================

{
    "time": "2026-08-26T07:44:24.429Z",
    "method": "PATCH",
    "url": "/api/v1/review/updateReview/6a8e86ba52ff27e2a5dc0ab1",
    "ip": "::1",
    "params": {
        "id": "6a8e86ba52ff27e2a5dc0ab1"
    },
    "query": {},
    "body": {
        "rating": 1
    },
    "headers": {
        "content-type": "application/json",
        "user-agent": "PostmanRuntime/7.56.1",
        "accept": "*/*",
        "cache-control": "no-cache",
        "postman-token": "0d31cead-c1f4-42b8-bbf2-b9c08b1d8813",
        "host": "localhost:3000",
        "accept-encoding": "gzip, deflate, br",
        "connection": "keep-alive",
        "content-length": "20"
    },
    "statusCode": 202,
    "responseTime": "3ms"
}
===============================================================================================
===============================================================================================

{
    "time": "2026-08-26T07:44:25.206Z",
    "method": "PATCH",
    "url": "/api/v1/review/updateReview/6a8e86ba52ff27e2a5dc0ab1",
    "ip": "::1",
    "params": {
        "id": "6a8e86ba52ff27e2a5dc0ab1"
    },
    "query": {},
    "body": {
        "rating": 1
    },
    "headers": {
        "content-type": "application/json",
        "user-agent": "PostmanRuntime/7.56.1",
        "accept": "*/*",
        "cache-control": "no-cache",
        "postman-token": "2864d553-a774-4678-82eb-bf57a968edf1",
        "host": "localhost:3000",
        "accept-encoding": "gzip, deflate, br",
        "connection": "keep-alive",
        "content-length": "20"
    },
    "statusCode": 202,
    "responseTime": "5ms"
}
===============================================================================================
===============================================================================================

{
    "time": "2026-08-26T07:44:31.335Z",
    "method": "PATCH",
    "url": "/api/v1/review/updateReview/6a8e86ba52ff27e2a5dc0ab1",
    "ip": "::1",
    "params": {
        "id": "6a8e86ba52ff27e2a5dc0ab1"
    },
    "query": {},
    "body": {
        "rating": 1
    },
    "headers": {
        "content-type": "application/json",
        "user-agent": "PostmanRuntime/7.56.1",
        "accept": "*/*",
        "cache-control": "no-cache",
        "postman-token": "b3eded37-2fe7-4750-bdbd-401d510f08d6",
        "host": "localhost:3000",
        "accept-encoding": "gzip, deflate, br",
        "connection": "keep-alive",
        "content-length": "20"
    },
    "statusCode": 202,
    "responseTime": "3ms"
}
===============================================================================================
===============================================================================================

{
    "time": "2026-08-26T07:44:32.333Z",
    "method": "PATCH",
    "url": "/api/v1/review/updateReview/6a8e86ba52ff27e2a5dc0ab1",
    "ip": "::1",
    "params": {
        "id": "6a8e86ba52ff27e2a5dc0ab1"
    },
    "query": {},
    "body": {
        "rating": 1
    },
    "headers": {
        "content-type": "application/json",
        "user-agent": "PostmanRuntime/7.56.1",
        "accept": "*/*",
        "cache-control": "no-cache",
        "postman-token": "09b10f6b-7626-44f5-ac37-8278049cb985",
        "host": "localhost:3000",
        "accept-encoding": "gzip, deflate, br",
        "connection": "keep-alive",
        "content-length": "20"
    },
    "statusCode": 202,
    "responseTime": "3ms"
}
===============================================================================================
===============================================================================================

{
    "time": "2026-08-26T07:44:32.812Z",
    "method": "PATCH",
    "url": "/api/v1/review/updateReview/6a8e86ba52ff27e2a5dc0ab1",
    "ip": "::1",
    "params": {
        "id": "6a8e86ba52ff27e2a5dc0ab1"
    },
    "query": {},
    "body": {
        "rating": 1
    },
    "headers": {
        "content-type": "application/json",
        "user-agent": "PostmanRuntime/7.56.1",
        "accept": "*/*",
        "cache-control": "no-cache",
        "postman-token": "f87da90b-289c-4ccd-99f3-a420d0ce8043",
        "host": "localhost:3000",
        "accept-encoding": "gzip, deflate, br",
        "connection": "keep-alive",
        "content-length": "20"
    },
    "statusCode": 202,
    "responseTime": "3ms"
}
===============================================================================================
===============================================================================================

{
    "time": "2026-08-26T07:44:33.865Z",
    "method": "PATCH",
    "url": "/api/v1/review/updateReview/6a8e86ba52ff27e2a5dc0ab1",
    "ip": "::1",
    "params": {
        "id": "6a8e86ba52ff27e2a5dc0ab1"
    },
    "query": {},
    "body": {
        "rating": 1
    },
    "headers": {
        "content-type": "application/json",
        "user-agent": "PostmanRuntime/7.56.1",
        "accept": "*/*",
        "cache-control": "no-cache",
        "postman-token": "52bde859-e8ca-4824-83dd-75e907793d5e",
        "host": "localhost:3000",
        "accept-encoding": "gzip, deflate, br",
        "connection": "keep-alive",
        "content-length": "20"
    },
    "statusCode": 202,
    "responseTime": "3ms"
}
===============================================================================================
===============================================================================================

{
    "time": "2026-08-26T07:44:34.595Z",
    "method": "PATCH",
    "url": "/api/v1/review/updateReview/6a8e86ba52ff27e2a5dc0ab1",
    "ip": "::1",
    "params": {
        "id": "6a8e86ba52ff27e2a5dc0ab1"
    },
    "query": {},
    "body": {
        "rating": 1
    },
    "headers": {
        "content-type": "application/json",
        "user-agent": "PostmanRuntime/7.56.1",
        "accept": "*/*",
        "cache-control": "no-cache",
        "postman-token": "064cfd1e-bcb8-4751-aee3-dda8c6fbc266",
        "host": "localhost:3000",
        "accept-encoding": "gzip, deflate, br",
        "connection": "keep-alive",
        "content-length": "20"
    },
    "statusCode": 202,
    "responseTime": "3ms"
}
===============================================================================================
===============================================================================================

{
    "time": "2026-08-26T07:44:35.350Z",
    "method": "PATCH",
    "url": "/api/v1/review/updateReview/6a8e86ba52ff27e2a5dc0ab1",
    "ip": "::1",
    "params": {
        "id": "6a8e86ba52ff27e2a5dc0ab1"
    },
    "query": {},
    "body": {
        "rating": 1
    },
    "headers": {
        "content-type": "application/json",
        "user-agent": "PostmanRuntime/7.56.1",
        "accept": "*/*",
        "cache-control": "no-cache",
        "postman-token": "c974e677-496e-49dc-bf6b-62f404b031e2",
        "host": "localhost:3000",
        "accept-encoding": "gzip, deflate, br",
        "connection": "keep-alive",
        "content-length": "20"
    },
    "statusCode": 202,
    "responseTime": "3ms"
}
===============================================================================================
===============================================================================================

{
    "time": "2026-08-26T07:44:36.844Z",
    "method": "PATCH",
    "url": "/api/v1/review/updateReview/6a8e86ba52ff27e2a5dc0ab1",
    "ip": "::1",
    "params": {
        "id": "6a8e86ba52ff27e2a5dc0ab1"
    },
    "query": {},
    "body": {
        "rating": 1
    },
    "headers": {
        "content-type": "application/json",
        "user-agent": "PostmanRuntime/7.56.1",
        "accept": "*/*",
        "cache-control": "no-cache",
        "postman-token": "63ffe686-81dc-4e9f-9daf-6c84495f3e45",
        "host": "localhost:3000",
        "accept-encoding": "gzip, deflate, br",
        "connection": "keep-alive",
        "content-length": "20"
    },
    "statusCode": 202,
    "responseTime": "2ms"
}
===============================================================================================
===============================================================================================

{
    "time": "2026-08-26T07:44:37.630Z",
    "method": "PATCH",
    "url": "/api/v1/review/updateReview/6a8e86ba52ff27e2a5dc0ab1",
    "ip": "::1",
    "params": {
        "id": "6a8e86ba52ff27e2a5dc0ab1"
    },
    "query": {},
    "body": {
        "rating": 1
    },
    "headers": {
        "content-type": "application/json",
        "user-agent": "PostmanRuntime/7.56.1",
        "accept": "*/*",
        "cache-control": "no-cache",
        "postman-token": "f0ec3506-965c-429d-bc80-e6fb4b915379",
        "host": "localhost:3000",
        "accept-encoding": "gzip, deflate, br",
        "connection": "keep-alive",
        "content-length": "20"
    },
    "statusCode": 202,
    "responseTime": "3ms"
}
===============================================================================================
===============================================================================================

{
    "time": "2026-08-26T07:44:38.672Z",
    "method": "PATCH",
    "url": "/api/v1/review/updateReview/6a8e86ba52ff27e2a5dc0ab1",
    "ip": "::1",
    "params": {
        "id": "6a8e86ba52ff27e2a5dc0ab1"
    },
    "query": {},
    "body": {
        "rating": 1
    },
    "headers": {
        "content-type": "application/json",
        "user-agent": "PostmanRuntime/7.56.1",
        "accept": "*/*",
        "cache-control": "no-cache",
        "postman-token": "cc6d9b74-4e51-4d1e-90c6-7dff3172610e",
        "host": "localhost:3000",
        "accept-encoding": "gzip, deflate, br",
        "connection": "keep-alive",
        "content-length": "20"
    },
    "statusCode": 202,
    "responseTime": "3ms"
}
===============================================================================================
===============================================================================================

{
    "time": "2026-08-26T07:44:39.412Z",
    "method": "PATCH",
    "url": "/api/v1/review/updateReview/6a8e86ba52ff27e2a5dc0ab1",
    "ip": "::1",
    "params": {
        "id": "6a8e86ba52ff27e2a5dc0ab1"
    },
    "query": {},
    "body": {
        "rating": 1
    },
    "headers": {
        "content-type": "application/json",
        "user-agent": "PostmanRuntime/7.56.1",
        "accept": "*/*",
        "cache-control": "no-cache",
        "postman-token": "b97345b9-8c0b-466c-917a-73d3037d56c7",
        "host": "localhost:3000",
        "accept-encoding": "gzip, deflate, br",
        "connection": "keep-alive",
        "content-length": "20"
    },
    "statusCode": 202,
    "responseTime": "3ms"
}
===============================================================================================
===============================================================================================

{
    "time": "2026-08-26T07:44:40.262Z",
    "method": "PATCH",
    "url": "/api/v1/review/updateReview/6a8e86ba52ff27e2a5dc0ab1",
    "ip": "::1",
    "params": {
        "id": "6a8e86ba52ff27e2a5dc0ab1"
    },
    "query": {},
    "body": {
        "rating": 1
    },
    "headers": {
        "content-type": "application/json",
        "user-agent": "PostmanRuntime/7.56.1",
        "accept": "*/*",
        "cache-control": "no-cache",
        "postman-token": "7bb3395c-f4b9-467f-806b-265d027563f6",
        "host": "localhost:3000",
        "accept-encoding": "gzip, deflate, br",
        "connection": "keep-alive",
        "content-length": "20"
    },
    "statusCode": 202,
    "responseTime": "2ms"
}
===============================================================================================
===============================================================================================

{
    "time": "2026-08-26T07:44:41.033Z",
    "method": "PATCH",
    "url": "/api/v1/review/updateReview/6a8e86ba52ff27e2a5dc0ab1",
    "ip": "::1",
    "params": {
        "id": "6a8e86ba52ff27e2a5dc0ab1"
    },
    "query": {},
    "body": {
        "rating": 1
    },
    "headers": {
        "content-type": "application/json",
        "user-agent": "PostmanRuntime/7.56.1",
        "accept": "*/*",
        "cache-control": "no-cache",
        "postman-token": "92762049-d54d-46ce-97b4-4c5342324f1f",
        "host": "localhost:3000",
        "accept-encoding": "gzip, deflate, br",
        "connection": "keep-alive",
        "content-length": "20"
    },
    "statusCode": 202,
    "responseTime": "3ms"
}
===============================================================================================
===============================================================================================

{
    "time": "2026-08-26T07:44:41.752Z",
    "method": "PATCH",
    "url": "/api/v1/review/updateReview/6a8e86ba52ff27e2a5dc0ab1",
    "ip": "::1",
    "params": {
        "id": "6a8e86ba52ff27e2a5dc0ab1"
    },
    "query": {},
    "body": {
        "rating": 1
    },
    "headers": {
        "content-type": "application/json",
        "user-agent": "PostmanRuntime/7.56.1",
        "accept": "*/*",
        "cache-control": "no-cache",
        "postman-token": "2e30912d-e481-4c1f-8313-74a31a784b48",
        "host": "localhost:3000",
        "accept-encoding": "gzip, deflate, br",
        "connection": "keep-alive",
        "content-length": "20"
    },
    "statusCode": 202,
    "responseTime": "4ms"
}
===============================================================================================
===============================================================================================

{
    "time": "2026-08-26T07:44:42.512Z",
    "method": "PATCH",
    "url": "/api/v1/review/updateReview/6a8e86ba52ff27e2a5dc0ab1",
    "ip": "::1",
    "params": {
        "id": "6a8e86ba52ff27e2a5dc0ab1"
    },
    "query": {},
    "body": {
        "rating": 1
    },
    "headers": {
        "content-type": "application/json",
        "user-agent": "PostmanRuntime/7.56.1",
        "accept": "*/*",
        "cache-control": "no-cache",
        "postman-token": "f6388ebe-a420-4f2e-8f11-2d6b489ff906",
        "host": "localhost:3000",
        "accept-encoding": "gzip, deflate, br",
        "connection": "keep-alive",
        "content-length": "20"
    },
    "statusCode": 202,
    "responseTime": "3ms"
}
===============================================================================================
===============================================================================================

{
    "time": "2026-08-26T07:44:43.252Z",
    "method": "PATCH",
    "url": "/api/v1/review/updateReview/6a8e86ba52ff27e2a5dc0ab1",
    "ip": "::1",
    "params": {
        "id": "6a8e86ba52ff27e2a5dc0ab1"
    },
    "query": {},
    "body": {
        "rating": 1
    },
    "headers": {
        "content-type": "application/json",
        "user-agent": "PostmanRuntime/7.56.1",
        "accept": "*/*",
        "cache-control": "no-cache",
        "postman-token": "3cd4e40f-0137-4ad1-bb14-64bb5746ead2",
        "host": "localhost:3000",
        "accept-encoding": "gzip, deflate, br",
        "connection": "keep-alive",
        "content-length": "20"
    },
    "statusCode": 202,
    "responseTime": "4ms"
}
===============================================================================================
===============================================================================================

{
    "time": "2026-08-26T07:44:44.163Z",
    "method": "PATCH",
    "url": "/api/v1/review/updateReview/6a8e86ba52ff27e2a5dc0ab1",
    "ip": "::1",
    "params": {
        "id": "6a8e86ba52ff27e2a5dc0ab1"
    },
    "query": {},
    "body": {
        "rating": 1
    },
    "headers": {
        "content-type": "application/json",
        "user-agent": "PostmanRuntime/7.56.1",
        "accept": "*/*",
        "cache-control": "no-cache",
        "postman-token": "f2d352ff-5413-4c94-96f3-e8e03a3ad30b",
        "host": "localhost:3000",
        "accept-encoding": "gzip, deflate, br",
        "connection": "keep-alive",
        "content-length": "20"
    },
    "statusCode": 202,
    "responseTime": "3ms"
}
===============================================================================================
===============================================================================================

{
    "time": "2026-08-26T07:44:44.868Z",
    "method": "PATCH",
    "url": "/api/v1/review/updateReview/6a8e86ba52ff27e2a5dc0ab1",
    "ip": "::1",
    "params": {
        "id": "6a8e86ba52ff27e2a5dc0ab1"
    },
    "query": {},
    "body": {
        "rating": 1
    },
    "headers": {
        "content-type": "application/json",
        "user-agent": "PostmanRuntime/7.56.1",
        "accept": "*/*",
        "cache-control": "no-cache",
        "postman-token": "7e965f3e-b575-49e2-8ae7-f79456029699",
        "host": "localhost:3000",
        "accept-encoding": "gzip, deflate, br",
        "connection": "keep-alive",
        "content-length": "20"
    },
    "statusCode": 202,
    "responseTime": "4ms"
}
===============================================================================================
===============================================================================================

{
    "time": "2026-08-26T07:44:45.550Z",
    "method": "PATCH",
    "url": "/api/v1/review/updateReview/6a8e86ba52ff27e2a5dc0ab1",
    "ip": "::1",
    "params": {
        "id": "6a8e86ba52ff27e2a5dc0ab1"
    },
    "query": {},
    "body": {
        "rating": 1
    },
    "headers": {
        "content-type": "application/json",
        "user-agent": "PostmanRuntime/7.56.1",
        "accept": "*/*",
        "cache-control": "no-cache",
        "postman-token": "864856a1-7225-4e20-959d-85f92cde6eb3",
        "host": "localhost:3000",
        "accept-encoding": "gzip, deflate, br",
        "connection": "keep-alive",
        "content-length": "20"
    },
    "statusCode": 202,
    "responseTime": "3ms"
}
===============================================================================================
===============================================================================================

{
    "time": "2026-08-26T07:44:46.301Z",
    "method": "PATCH",
    "url": "/api/v1/review/updateReview/6a8e86ba52ff27e2a5dc0ab1",
    "ip": "::1",
    "params": {
        "id": "6a8e86ba52ff27e2a5dc0ab1"
    },
    "query": {},
    "body": {
        "rating": 1
    },
    "headers": {
        "content-type": "application/json",
        "user-agent": "PostmanRuntime/7.56.1",
        "accept": "*/*",
        "cache-control": "no-cache",
        "postman-token": "516c8b48-5dcc-4a71-b9fb-8c4fe25eb7c1",
        "host": "localhost:3000",
        "accept-encoding": "gzip, deflate, br",
        "connection": "keep-alive",
        "content-length": "20"
    },
    "statusCode": 202,
    "responseTime": "3ms"
}
===============================================================================================
===============================================================================================

{
    "time": "2026-08-26T07:44:47.051Z",
    "method": "PATCH",
    "url": "/api/v1/review/updateReview/6a8e86ba52ff27e2a5dc0ab1",
    "ip": "::1",
    "params": {
        "id": "6a8e86ba52ff27e2a5dc0ab1"
    },
    "query": {},
    "body": {
        "rating": 1
    },
    "headers": {
        "content-type": "application/json",
        "user-agent": "PostmanRuntime/7.56.1",
        "accept": "*/*",
        "cache-control": "no-cache",
        "postman-token": "9b92b047-bb06-47f7-b8f3-718de36a10a8",
        "host": "localhost:3000",
        "accept-encoding": "gzip, deflate, br",
        "connection": "keep-alive",
        "content-length": "20"
    },
    "statusCode": 202,
    "responseTime": "4ms"
}
===============================================================================================
===============================================================================================

{
    "time": "2026-08-26T07:44:47.779Z",
    "method": "PATCH",
    "url": "/api/v1/review/updateReview/6a8e86ba52ff27e2a5dc0ab1",
    "ip": "::1",
    "params": {
        "id": "6a8e86ba52ff27e2a5dc0ab1"
    },
    "query": {},
    "body": {
        "rating": 1
    },
    "headers": {
        "content-type": "application/json",
        "user-agent": "PostmanRuntime/7.56.1",
        "accept": "*/*",
        "cache-control": "no-cache",
        "postman-token": "5a01f300-3f8f-4b5b-aca4-232023310505",
        "host": "localhost:3000",
        "accept-encoding": "gzip, deflate, br",
        "connection": "keep-alive",
        "content-length": "20"
    },
    "statusCode": 202,
    "responseTime": "3ms"
}
===============================================================================================
===============================================================================================

{
    "time": "2026-08-26T07:44:48.471Z",
    "method": "PATCH",
    "url": "/api/v1/review/updateReview/6a8e86ba52ff27e2a5dc0ab1",
    "ip": "::1",
    "params": {
        "id": "6a8e86ba52ff27e2a5dc0ab1"
    },
    "query": {},
    "body": {
        "rating": 1
    },
    "headers": {
        "content-type": "application/json",
        "user-agent": "PostmanRuntime/7.56.1",
        "accept": "*/*",
        "cache-control": "no-cache",
        "postman-token": "6976f7e9-0c92-4794-ab49-39e282989853",
        "host": "localhost:3000",
        "accept-encoding": "gzip, deflate, br",
        "connection": "keep-alive",
        "content-length": "20"
    },
    "statusCode": 202,
    "responseTime": "4ms"
}
===============================================================================================
===============================================================================================

{
    "time": "2026-08-26T07:44:49.127Z",
    "method": "PATCH",
    "url": "/api/v1/review/updateReview/6a8e86ba52ff27e2a5dc0ab1",
    "ip": "::1",
    "params": {
        "id": "6a8e86ba52ff27e2a5dc0ab1"
    },
    "query": {},
    "body": {
        "rating": 1
    },
    "headers": {
        "content-type": "application/json",
        "user-agent": "PostmanRuntime/7.56.1",
        "accept": "*/*",
        "cache-control": "no-cache",
        "postman-token": "f80e718c-eb7f-40c3-917f-995368ab9df0",
        "host": "localhost:3000",
        "accept-encoding": "gzip, deflate, br",
        "connection": "keep-alive",
        "content-length": "20"
    },
    "statusCode": 202,
    "responseTime": "2ms"
}
===============================================================================================
===============================================================================================

{
    "time": "2026-08-26T07:44:49.845Z",
    "method": "PATCH",
    "url": "/api/v1/review/updateReview/6a8e86ba52ff27e2a5dc0ab1",
    "ip": "::1",
    "params": {
        "id": "6a8e86ba52ff27e2a5dc0ab1"
    },
    "query": {},
    "body": {
        "rating": 1
    },
    "headers": {
        "content-type": "application/json",
        "user-agent": "PostmanRuntime/7.56.1",
        "accept": "*/*",
        "cache-control": "no-cache",
        "postman-token": "177b817f-857b-4f7a-a61c-792c9dcc2e1b",
        "host": "localhost:3000",
        "accept-encoding": "gzip, deflate, br",
        "connection": "keep-alive",
        "content-length": "20"
    },
    "statusCode": 202,
    "responseTime": "3ms"
}
===============================================================================================
===============================================================================================

{
    "time": "2026-08-26T07:44:50.518Z",
    "method": "PATCH",
    "url": "/api/v1/review/updateReview/6a8e86ba52ff27e2a5dc0ab1",
    "ip": "::1",
    "params": {
        "id": "6a8e86ba52ff27e2a5dc0ab1"
    },
    "query": {},
    "body": {
        "rating": 1
    },
    "headers": {
        "content-type": "application/json",
        "user-agent": "PostmanRuntime/7.56.1",
        "accept": "*/*",
        "cache-control": "no-cache",
        "postman-token": "e343fbc0-19a1-4241-a94a-e5d21a8580e2",
        "host": "localhost:3000",
        "accept-encoding": "gzip, deflate, br",
        "connection": "keep-alive",
        "content-length": "20"
    },
    "statusCode": 202,
    "responseTime": "4ms"
}
===============================================================================================
===============================================================================================

{
    "time": "2026-08-26T07:44:51.164Z",
    "method": "PATCH",
    "url": "/api/v1/review/updateReview/6a8e86ba52ff27e2a5dc0ab1",
    "ip": "::1",
    "params": {
        "id": "6a8e86ba52ff27e2a5dc0ab1"
    },
    "query": {},
    "body": {
        "rating": 1
    },
    "headers": {
        "content-type": "application/json",
        "user-agent": "PostmanRuntime/7.56.1",
        "accept": "*/*",
        "cache-control": "no-cache",
        "postman-token": "32dd0381-735b-4066-800b-da7558bd5e8e",
        "host": "localhost:3000",
        "accept-encoding": "gzip, deflate, br",
        "connection": "keep-alive",
        "content-length": "20"
    },
    "statusCode": 202,
    "responseTime": "3ms"
}
===============================================================================================
===============================================================================================

{
    "time": "2026-08-26T07:44:51.820Z",
    "method": "PATCH",
    "url": "/api/v1/review/updateReview/6a8e86ba52ff27e2a5dc0ab1",
    "ip": "::1",
    "params": {
        "id": "6a8e86ba52ff27e2a5dc0ab1"
    },
    "query": {},
    "body": {
        "rating": 1
    },
    "headers": {
        "content-type": "application/json",
        "user-agent": "PostmanRuntime/7.56.1",
        "accept": "*/*",
        "cache-control": "no-cache",
        "postman-token": "398ea4c2-8abe-435b-a375-52fc8410a018",
        "host": "localhost:3000",
        "accept-encoding": "gzip, deflate, br",
        "connection": "keep-alive",
        "content-length": "20"
    },
    "statusCode": 202,
    "responseTime": "5ms"
}
===============================================================================================
===============================================================================================

{
    "time": "2026-08-26T07:44:52.547Z",
    "method": "PATCH",
    "url": "/api/v1/review/updateReview/6a8e86ba52ff27e2a5dc0ab1",
    "ip": "::1",
    "params": {
        "id": "6a8e86ba52ff27e2a5dc0ab1"
    },
    "query": {},
    "body": {
        "rating": 1
    },
    "headers": {
        "content-type": "application/json",
        "user-agent": "PostmanRuntime/7.56.1",
        "accept": "*/*",
        "cache-control": "no-cache",
        "postman-token": "439e2cdd-19c6-444f-9cef-721a6a6c969b",
        "host": "localhost:3000",
        "accept-encoding": "gzip, deflate, br",
        "connection": "keep-alive",
        "content-length": "20"
    },
    "statusCode": 202,
    "responseTime": "3ms"
}
===============================================================================================
===============================================================================================

{
    "time": "2026-08-26T07:44:53.226Z",
    "method": "PATCH",
    "url": "/api/v1/review/updateReview/6a8e86ba52ff27e2a5dc0ab1",
    "ip": "::1",
    "params": {
        "id": "6a8e86ba52ff27e2a5dc0ab1"
    },
    "query": {},
    "body": {
        "rating": 1
    },
    "headers": {
        "content-type": "application/json",
        "user-agent": "PostmanRuntime/7.56.1",
        "accept": "*/*",
        "cache-control": "no-cache",
        "postman-token": "1a2a5728-9c2b-4cf7-8dc2-78759b2303db",
        "host": "localhost:3000",
        "accept-encoding": "gzip, deflate, br",
        "connection": "keep-alive",
        "content-length": "20"
    },
    "statusCode": 202,
    "responseTime": "3ms"
}
===============================================================================================
===============================================================================================

{
    "time": "2026-08-26T07:44:53.903Z",
    "method": "PATCH",
    "url": "/api/v1/review/updateReview/6a8e86ba52ff27e2a5dc0ab1",
    "ip": "::1",
    "params": {
        "id": "6a8e86ba52ff27e2a5dc0ab1"
    },
    "query": {},
    "body": {
        "rating": 1
    },
    "headers": {
        "content-type": "application/json",
        "user-agent": "PostmanRuntime/7.56.1",
        "accept": "*/*",
        "cache-control": "no-cache",
        "postman-token": "585eb3eb-a35d-4982-a1ce-b9e75b5131fb",
        "host": "localhost:3000",
        "accept-encoding": "gzip, deflate, br",
        "connection": "keep-alive",
        "content-length": "20"
    },
    "statusCode": 202,
    "responseTime": "5ms"
}
===============================================================================================
===============================================================================================

{
    "time": "2026-08-26T07:44:54.770Z",
    "method": "PATCH",
    "url": "/api/v1/review/updateReview/6a8e86ba52ff27e2a5dc0ab1",
    "ip": "::1",
    "params": {
        "id": "6a8e86ba52ff27e2a5dc0ab1"
    },
    "query": {},
    "body": {
        "rating": 1
    },
    "headers": {
        "content-type": "application/json",
        "user-agent": "PostmanRuntime/7.56.1",
        "accept": "*/*",
        "cache-control": "no-cache",
        "postman-token": "b9ca005a-f9fc-4cbf-b2b6-21f7b30353e2",
        "host": "localhost:3000",
        "accept-encoding": "gzip, deflate, br",
        "connection": "keep-alive",
        "content-length": "20"
    },
    "statusCode": 202,
    "responseTime": "5ms"
}
===============================================================================================
===============================================================================================

{
    "time": "2026-08-26T07:44:55.458Z",
    "method": "PATCH",
    "url": "/api/v1/review/updateReview/6a8e86ba52ff27e2a5dc0ab1",
    "ip": "::1",
    "params": {
        "id": "6a8e86ba52ff27e2a5dc0ab1"
    },
    "query": {},
    "body": {
        "rating": 1
    },
    "headers": {
        "content-type": "application/json",
        "user-agent": "PostmanRuntime/7.56.1",
        "accept": "*/*",
        "cache-control": "no-cache",
        "postman-token": "89a4613a-e312-4a5e-8700-ce5b7dc7b2b5",
        "host": "localhost:3000",
        "accept-encoding": "gzip, deflate, br",
        "connection": "keep-alive",
        "content-length": "20"
    },
    "statusCode": 202,
    "responseTime": "3ms"
}
===============================================================================================
===============================================================================================

{
    "time": "2026-08-26T07:44:56.319Z",
    "method": "PATCH",
    "url": "/api/v1/review/updateReview/6a8e86ba52ff27e2a5dc0ab1",
    "ip": "::1",
    "params": {
        "id": "6a8e86ba52ff27e2a5dc0ab1"
    },
    "query": {},
    "body": {
        "rating": 1
    },
    "headers": {
        "content-type": "application/json",
        "user-agent": "PostmanRuntime/7.56.1",
        "accept": "*/*",
        "cache-control": "no-cache",
        "postman-token": "54fc84da-2c0a-48ba-98a5-c9f6235c2874",
        "host": "localhost:3000",
        "accept-encoding": "gzip, deflate, br",
        "connection": "keep-alive",
        "content-length": "20"
    },
    "statusCode": 202,
    "responseTime": "4ms"
}
===============================================================================================
===============================================================================================

{
    "time": "2026-08-26T07:44:57.031Z",
    "method": "PATCH",
    "url": "/api/v1/review/updateReview/6a8e86ba52ff27e2a5dc0ab1",
    "ip": "::1",
    "params": {
        "id": "6a8e86ba52ff27e2a5dc0ab1"
    },
    "query": {},
    "body": {
        "rating": 1
    },
    "headers": {
        "content-type": "application/json",
        "user-agent": "PostmanRuntime/7.56.1",
        "accept": "*/*",
        "cache-control": "no-cache",
        "postman-token": "1a53b589-f605-4e6d-aaf0-3b6a717e313b",
        "host": "localhost:3000",
        "accept-encoding": "gzip, deflate, br",
        "connection": "keep-alive",
        "content-length": "20"
    },
    "statusCode": 202,
    "responseTime": "3ms"
}
===============================================================================================
===============================================================================================

{
    "time": "2026-08-26T09:54:03.724Z",
    "method": "POST",
    "url": "/api/v1/users/getMe",
    "ip": "::1",
    "params": {},
    "query": {},
    "body": {},
    "headers": {
        "content-type": "text/plain",
        "user-agent": "PostmanRuntime/7.56.1",
        "accept": "*/*",
        "cache-control": "no-cache",
        "postman-token": "c73e1297-97a4-4c75-ab07-497bba59eb2f",
        "host": "localhost:3000",
        "accept-encoding": "gzip, deflate, br",
        "connection": "keep-alive",
        "content-length": "9327"
    },
    "statusCode": 404,
    "responseTime": "12ms"
}
===============================================================================================
===============================================================================================

{
    "time": "2026-08-26T09:54:07.788Z",
    "method": "GET",
    "url": "/api/v1/users/getMe",
    "ip": "::1",
    "params": {},
    "query": {},
    "body": {},
    "headers": {
        "content-type": "text/plain",
        "user-agent": "PostmanRuntime/7.56.1",
        "accept": "*/*",
        "cache-control": "no-cache",
        "postman-token": "ef9b2991-e938-4bfe-85f8-9a22a0359ae5",
        "host": "localhost:3000",
        "accept-encoding": "gzip, deflate, br",
        "connection": "keep-alive",
        "content-length": "9327"
    },
    "statusCode": 500,
    "responseTime": "18ms"
}
===============================================================================================
===============================================================================================

{
    "time": "2026-08-26T09:55:31.647Z",
    "method": "GET",
    "url": "/api/v1/users/getMe",
    "ip": "::1",
    "params": {},
    "query": {},
    "body": {},
    "headers": {
        "content-type": "text/plain",
        "user-agent": "PostmanRuntime/7.56.1",
        "accept": "*/*",
        "cache-control": "no-cache",
        "postman-token": "50a755c5-ba47-457d-a74a-3133e32c65c2",
        "host": "localhost:3000",
        "accept-encoding": "gzip, deflate, br",
        "connection": "keep-alive",
        "content-length": "9327"
    },
    "statusCode": 500,
    "responseTime": "26ms"
}
===============================================================================================
===============================================================================================

{
    "time": "2026-08-26T09:57:29.396Z",
    "method": "GET",
    "url": "/api/v1/users/getMe",
    "ip": "::1",
    "params": {},
    "query": {},
    "body": {},
    "headers": {
        "content-type": "text/plain",
        "user-agent": "PostmanRuntime/7.56.1",
        "accept": "*/*",
        "cache-control": "no-cache",
        "postman-token": "7ec3300f-8fa1-4271-aa8b-c1d9dca45c93",
        "host": "localhost:3000",
        "accept-encoding": "gzip, deflate, br",
        "connection": "keep-alive",
        "content-length": "9327"
    },
    "statusCode": 500,
    "responseTime": "33ms"
}
===============================================================================================
===============================================================================================

{
    "time": "2026-08-26T09:57:46.808Z",
    "method": "GET",
    "url": "/api/v1/users/getMe",
    "ip": "::1",
    "params": {},
    "query": {},
    "body": {},
    "headers": {
        "content-type": "text/plain",
        "user-agent": "PostmanRuntime/7.56.1",
        "accept": "*/*",
        "cache-control": "no-cache",
        "postman-token": "7b66ef4f-d6b8-45ec-a38c-666047250fca",
        "host": "localhost:3000",
        "accept-encoding": "gzip, deflate, br",
        "connection": "keep-alive",
        "content-length": "9327"
    },
    "statusCode": 200,
    "responseTime": "30ms"
}
===============================================================================================
===============================================================================================

{
    "time": "2026-08-26T10:36:13.751Z",
    "method": "POST",
    "url": "/api/v1/auth/login",
    "ip": "::1",
    "params": {},
    "query": {},
    "body": {
        "email": "admin@gmail.com"
    },
    "headers": {
        "content-type": "application/json",
        "user-agent": "PostmanRuntime/7.56.1",
        "accept": "*/*",
        "cache-control": "no-cache",
        "postman-token": "cef9758d-a9dd-49f5-b3fc-8219dc41896d",
        "host": "localhost:3000",
        "accept-encoding": "gzip, deflate, br",
        "connection": "keep-alive",
        "content-length": "68"
    },
    "statusCode": 200,
    "responseTime": "334ms"
}
===============================================================================================
===============================================================================================

{
    "time": "2026-08-26T11:22:07.776Z",
    "method": "PATCH",
    "url": "/api/v1/tours/5c88fa8cf4afda39709c2955",
    "ip": "::1",
    "params": {
        "id": "5c88fa8cf4afda39709c2955"
    },
    "query": {},
    "body": {
        "duration": 8
    },
    "headers": {
        "content-type": "application/json",
        "user-agent": "PostmanRuntime/7.56.1",
        "accept": "*/*",
        "cache-control": "no-cache",
        "postman-token": "7aab5368-eb70-409e-a0f1-fd913da63fa7",
        "host": "localhost:3000",
        "accept-encoding": "gzip, deflate, br",
        "connection": "keep-alive",
        "content-length": "22"
    },
    "statusCode": 202,
    "responseTime": "37ms"
}
===============================================================================================
===============================================================================================

{
    "time": "2026-08-26T11:39:45.329Z",
    "method": "GET",
    "url": "/api/v1/tours/?price[lt]=1000",
    "ip": "::1",
    "params": {},
    "query": {
        "price": {
            "lt": "1000"
        }
    },
    "body": {},
    "headers": {
        "user-agent": "PostmanRuntime/7.56.1",
        "accept": "*/*",
        "cache-control": "no-cache",
        "postman-token": "871dbd0b-4c78-4d66-b273-dfd583f4bdf7",
        "host": "localhost:3000",
        "accept-encoding": "gzip, deflate, br",
        "connection": "keep-alive"
    },
    "statusCode": 200,
    "responseTime": "61ms"
}
===============================================================================================
===============================================================================================

{
    "time": "2026-08-26T11:49:43.999Z",
    "method": "GET",
    "url": "/api/v1/tours/?price[lt]=1000",
    "ip": "::1",
    "params": {},
    "query": {
        "price": {
            "lt": "1000"
        }
    },
    "body": {},
    "headers": {
        "user-agent": "PostmanRuntime/7.56.1",
        "accept": "*/*",
        "cache-control": "no-cache",
        "postman-token": "a16e4324-5891-494d-bf1a-4a649ff182c2",
        "host": "localhost:3000",
        "accept-encoding": "gzip, deflate, br",
        "connection": "keep-alive"
    },
    "statusCode": 200,
    "responseTime": "85ms"
}
===============================================================================================
===============================================================================================

{
    "time": "2026-08-26T11:55:45.714Z",
    "method": "GET",
    "url": "/api/v1/tours/",
    "ip": "::1",
    "params": {},
    "query": {},
    "body": {},
    "headers": {
        "user-agent": "PostmanRuntime/7.56.1",
        "accept": "*/*",
        "cache-control": "no-cache",
        "postman-token": "e7e008e5-dbe4-41ef-8b6d-6b65b9972d5f",
        "host": "localhost:3000",
        "accept-encoding": "gzip, deflate, br",
        "connection": "keep-alive"
    },
    "statusCode": 200,
    "responseTime": "49ms"
}
===============================================================================================
===============================================================================================

{
    "time": "2026-08-26T11:56:04.136Z",
    "method": "GET",
    "url": "/api/v1/tours/",
    "ip": "::1",
    "params": {},
    "query": {},
    "body": {},
    "headers": {
        "user-agent": "PostmanRuntime/7.56.1",
        "accept": "*/*",
        "cache-control": "no-cache",
        "postman-token": "9c85fe8f-44b7-44bc-a745-58c18b688edb",
        "host": "localhost:3000",
        "accept-encoding": "gzip, deflate, br",
        "connection": "keep-alive"
    },
    "statusCode": 200,
    "responseTime": "7ms"
}
===============================================================================================
===============================================================================================

{
    "time": "2026-08-26T11:56:06.697Z",
    "method": "GET",
    "url": "/api/v1/tours/",
    "ip": "::1",
    "params": {},
    "query": {},
    "body": {},
    "headers": {
        "user-agent": "PostmanRuntime/7.56.1",
        "accept": "*/*",
        "cache-control": "no-cache",
        "postman-token": "08924428-e39b-49cd-9e6b-d21dd1332325",
        "host": "localhost:3000",
        "accept-encoding": "gzip, deflate, br",
        "connection": "keep-alive"
    },
    "statusCode": 200,
    "responseTime": "53ms"
}
===============================================================================================
===============================================================================================

{
    "time": "2026-08-26T11:57:01.722Z",
    "method": "GET",
    "url": "/api/v1/tours/?price[lt]=1000&ratingsAverage[gte]=4",
    "ip": "::1",
    "params": {},
    "query": {
        "price": {
            "lt": "1000"
        },
        "ratingsAverage": {
            "gte": "4"
        }
    },
    "body": {},
    "headers": {
        "user-agent": "PostmanRuntime/7.56.1",
        "accept": "*/*",
        "cache-control": "no-cache",
        "postman-token": "e361a329-48a9-48b4-b8f6-b14eb20f18f4",
        "host": "localhost:3000",
        "accept-encoding": "gzip, deflate, br",
        "connection": "keep-alive"
    },
    "statusCode": 200,
    "responseTime": "83ms"
}
===============================================================================================
===============================================================================================

{
    "time": "2026-08-26T12:36:21.062Z",
    "method": "POST",
    "url": "/api/v1/auth/login",
    "ip": "::1",
    "params": {},
    "query": {},
    "body": {
        "email": "dhruvuser@gmail.com"
    },
    "headers": {
        "content-type": "application/json",
        "user-agent": "PostmanRuntime/7.56.1",
        "accept": "*/*",
        "cache-control": "no-cache",
        "postman-token": "e9beaaf3-0a3c-4d6b-a21e-57e4ddd3b6df",
        "host": "localhost:3000",
        "accept-encoding": "gzip, deflate, br",
        "connection": "keep-alive",
        "content-length": "75"
    },
    "statusCode": 200,
    "responseTime": "336ms"
}
===============================================================================================
===============================================================================================

{
    "time": "2026-08-26T12:36:48.098Z",
    "method": "POST",
    "url": "/api/v1/review/addReviews/5c88fa8cf4afda39709c2955",
    "ip": "::1",
    "params": {},
    "query": {},
    "body": {
        "review": "This Place is very best for ",
        "rating": 5
    },
    "headers": {
        "content-type": "application/json",
        "user-agent": "PostmanRuntime/7.56.1",
        "accept": "*/*",
        "cache-control": "no-cache",
        "postman-token": "20aefd0b-f06f-48fb-afd2-df44eace7814",
        "host": "localhost:3000",
        "accept-encoding": "gzip, deflate, br",
        "connection": "keep-alive",
        "content-length": "69"
    },
    "statusCode": 404,
    "responseTime": "1ms"
}
===============================================================================================
===============================================================================================

{
    "time": "2026-08-26T12:37:09.981Z",
    "method": "POST",
    "url": "/api/v1/review/5c88fa8cf4afda39709c2955/addReviews/",
    "ip": "::1",
    "params": {},
    "query": {},
    "body": {
        "review": "This Place is very best for ",
        "rating": 5
    },
    "headers": {
        "content-type": "application/json",
        "user-agent": "PostmanRuntime/7.56.1",
        "accept": "*/*",
        "cache-control": "no-cache",
        "postman-token": "43d611e1-4c22-49fb-8661-081d0089d40a",
        "host": "localhost:3000",
        "accept-encoding": "gzip, deflate, br",
        "connection": "keep-alive",
        "content-length": "69"
    },
    "statusCode": 404,
    "responseTime": "1ms"
}
===============================================================================================
===============================================================================================

{
    "time": "2026-08-26T12:37:30.422Z",
    "method": "POST",
    "url": "/api/v1/tours/5c88fa8cf4afda39709c2955/addReview",
    "ip": "::1",
    "params": {},
    "query": {},
    "body": {
        "review": "This Place is very best for ",
        "rating": 5,
        "refToTour": "5c88fa8cf4afda39709c2955",
        "refToUser": "6a8e7b572a0177dbef658b68"
    },
    "headers": {
        "content-type": "application/json",
        "user-agent": "PostmanRuntime/7.56.1",
        "accept": "*/*",
        "cache-control": "no-cache",
        "postman-token": "eefe5717-3b1a-4958-9ae3-2554dca4c6f3",
        "host": "localhost:3000",
        "accept-encoding": "gzip, deflate, br",
        "connection": "keep-alive",
        "content-length": "68"
    },
    "statusCode": 500,
    "responseTime": "7ms"
}
===============================================================================================
===============================================================================================

{
    "time": "2026-08-26T12:39:01.769Z",
    "method": "POST",
    "url": "/api/v1/tours/5c88fa8cf4afda39709c2955/addReview",
    "ip": "::1",
    "params": {
        "tourID": "5c88fa8cf4afda39709c2955"
    },
    "query": {},
    "body": {
        "review": "This Place is very best for ",
        "rating": 5,
        "refToTour": "5c88fa8cf4afda39709c2955",
        "refToUser": "6a8e7b572a0177dbef658b68"
    },
    "headers": {
        "content-type": "application/json",
        "user-agent": "PostmanRuntime/7.56.1",
        "accept": "*/*",
        "cache-control": "no-cache",
        "postman-token": "9d142170-e665-4238-a2a6-e30014c32530",
        "host": "localhost:3000",
        "accept-encoding": "gzip, deflate, br",
        "connection": "keep-alive",
        "content-length": "68"
    },
    "statusCode": 201,
    "responseTime": "37ms"
}
===============================================================================================
===============================================================================================

{
    "time": "2026-08-26T12:39:11.440Z",
    "method": "POST",
    "url": "/api/v1/tours/5c88fa8cf4afda39709c2955/addReview",
    "ip": "::1",
    "params": {
        "tourID": "5c88fa8cf4afda39709c2955"
    },
    "query": {},
    "body": {
        "review": "This Place is very best for ",
        "rating": 2,
        "refToTour": "5c88fa8cf4afda39709c2955",
        "refToUser": "6a8e7b572a0177dbef658b68"
    },
    "headers": {
        "content-type": "application/json",
        "user-agent": "PostmanRuntime/7.56.1",
        "accept": "*/*",
        "cache-control": "no-cache",
        "postman-token": "60fda39e-21e8-4630-89bc-0b146993e530",
        "host": "localhost:3000",
        "accept-encoding": "gzip, deflate, br",
        "connection": "keep-alive",
        "content-length": "68"
    },
    "statusCode": 201,
    "responseTime": "6ms"
}
===============================================================================================
===============================================================================================

{
    "time": "2026-08-26T12:39:15.143Z",
    "method": "POST",
    "url": "/api/v1/tours/5c88fa8cf4afda39709c2955/addReview",
    "ip": "::1",
    "params": {
        "tourID": "5c88fa8cf4afda39709c2955"
    },
    "query": {},
    "body": {
        "review": "This Place is very best for ",
        "rating": 3,
        "refToTour": "5c88fa8cf4afda39709c2955",
        "refToUser": "6a8e7b572a0177dbef658b68"
    },
    "headers": {
        "content-type": "application/json",
        "user-agent": "PostmanRuntime/7.56.1",
        "accept": "*/*",
        "cache-control": "no-cache",
        "postman-token": "af961bdd-a375-4b0d-a8b4-71bc981085f4",
        "host": "localhost:3000",
        "accept-encoding": "gzip, deflate, br",
        "connection": "keep-alive",
        "content-length": "68"
    },
    "statusCode": 201,
    "responseTime": "5ms"
}
===============================================================================================
===============================================================================================

{
    "time": "2026-08-26T12:39:22.194Z",
    "method": "GET",
    "url": "/api/v1/review/showReview",
    "ip": "::1",
    "params": {},
    "query": {},
    "body": {},
    "headers": {
        "user-agent": "PostmanRuntime/7.56.1",
        "accept": "*/*",
        "cache-control": "no-cache",
        "postman-token": "6e112996-2066-4909-9007-e9d938000a14",
        "host": "localhost:3000",
        "accept-encoding": "gzip, deflate, br",
        "connection": "keep-alive"
    },
    "statusCode": 200,
    "responseTime": "18ms"
}
===============================================================================================
===============================================================================================

{
    "time": "2026-08-26T12:40:15.501Z",
    "method": "POST",
    "url": "/api/v1/tours/5c88fa8cf4afda39709c2955/addReview",
    "ip": "::1",
    "params": {
        "tourID": "5c88fa8cf4afda39709c2955"
    },
    "query": {},
    "body": {
        "review": "This Place is very best for ",
        "rating": 1,
        "refToTour": "5c88fa8cf4afda39709c2955",
        "refToUser": "6a8e7b572a0177dbef658b68"
    },
    "headers": {
        "content-type": "application/json",
        "user-agent": "PostmanRuntime/7.56.1",
        "accept": "*/*",
        "cache-control": "no-cache",
        "postman-token": "5fa0fd17-c828-4a7e-bd2c-9903ce04023d",
        "host": "localhost:3000",
        "accept-encoding": "gzip, deflate, br",
        "connection": "keep-alive",
        "content-length": "68"
    },
    "statusCode": 201,
    "responseTime": "4ms"
}
===============================================================================================
===============================================================================================

{
    "time": "2026-08-26T12:40:16.902Z",
    "method": "POST",
    "url": "/api/v1/tours/5c88fa8cf4afda39709c2955/addReview",
    "ip": "::1",
    "params": {
        "tourID": "5c88fa8cf4afda39709c2955"
    },
    "query": {},
    "body": {
        "review": "This Place is very best for ",
        "rating": 1,
        "refToTour": "5c88fa8cf4afda39709c2955",
        "refToUser": "6a8e7b572a0177dbef658b68"
    },
    "headers": {
        "content-type": "application/json",
        "user-agent": "PostmanRuntime/7.56.1",
        "accept": "*/*",
        "cache-control": "no-cache",
        "postman-token": "f0bb8073-200a-4ecc-8ff0-057ef8dac769",
        "host": "localhost:3000",
        "accept-encoding": "gzip, deflate, br",
        "connection": "keep-alive",
        "content-length": "68"
    },
    "statusCode": 201,
    "responseTime": "3ms"
}
===============================================================================================
===============================================================================================

{
    "time": "2026-08-26T12:40:20.350Z",
    "method": "GET",
    "url": "/api/v1/review/showReview",
    "ip": "::1",
    "params": {},
    "query": {},
    "body": {},
    "headers": {
        "user-agent": "PostmanRuntime/7.56.1",
        "accept": "*/*",
        "cache-control": "no-cache",
        "postman-token": "402044cf-4731-4b47-b88c-cf1c931e7b12",
        "host": "localhost:3000",
        "accept-encoding": "gzip, deflate, br",
        "connection": "keep-alive"
    },
    "statusCode": 200,
    "responseTime": "8ms"
}
===============================================================================================
===============================================================================================

{
    "time": "2026-08-26T12:40:26.398Z",
    "method": "GET",
    "url": "/api/v1/review/showReview",
    "ip": "::1",
    "params": {},
    "query": {},
    "body": {},
    "headers": {
        "user-agent": "PostmanRuntime/7.56.1",
        "accept": "*/*",
        "cache-control": "no-cache",
        "postman-token": "03261b4e-f9d4-4d7b-b972-fcdd9b94ee37",
        "host": "localhost:3000",
        "accept-encoding": "gzip, deflate, br",
        "connection": "keep-alive"
    },
    "statusCode": 200,
    "responseTime": "6ms"
}
===============================================================================================
===============================================================================================

{
    "time": "2026-08-26T12:41:26.865Z",
    "method": "POST",
    "url": "/api/v1/tours/5c88fa8cf4afda39709c2955/addReview",
    "ip": "::1",
    "params": {
        "tourID": "5c88fa8cf4afda39709c2955"
    },
    "query": {},
    "body": {
        "review": "This Place is very best for ",
        "rating": 5,
        "refToTour": "5c88fa8cf4afda39709c2955",
        "refToUser": "6a8e7b572a0177dbef658b68"
    },
    "headers": {
        "content-type": "application/json",
        "user-agent": "PostmanRuntime/7.56.1",
        "accept": "*/*",
        "cache-control": "no-cache",
        "postman-token": "d61b2c7c-cf9e-49a8-b130-b0a63a63d8f3",
        "host": "localhost:3000",
        "accept-encoding": "gzip, deflate, br",
        "connection": "keep-alive",
        "content-length": "68"
    },
    "statusCode": 201,
    "responseTime": "4ms"
}
===============================================================================================
===============================================================================================

{
    "time": "2026-08-26T12:41:29.439Z",
    "method": "POST",
    "url": "/api/v1/tours/5c88fa8cf4afda39709c2955/addReview",
    "ip": "::1",
    "params": {
        "tourID": "5c88fa8cf4afda39709c2955"
    },
    "query": {},
    "body": {
        "review": "This Place is very best for ",
        "rating": 5,
        "refToTour": "5c88fa8cf4afda39709c2955",
        "refToUser": "6a8e7b572a0177dbef658b68"
    },
    "headers": {
        "content-type": "application/json",
        "user-agent": "PostmanRuntime/7.56.1",
        "accept": "*/*",
        "cache-control": "no-cache",
        "postman-token": "af24f339-da7a-429e-9625-fcdaf93f6f26",
        "host": "localhost:3000",
        "accept-encoding": "gzip, deflate, br",
        "connection": "keep-alive",
        "content-length": "68"
    },
    "statusCode": 201,
    "responseTime": "5ms"
}
===============================================================================================
===============================================================================================

{
    "time": "2026-08-26T12:41:31.255Z",
    "method": "POST",
    "url": "/api/v1/tours/5c88fa8cf4afda39709c2955/addReview",
    "ip": "::1",
    "params": {
        "tourID": "5c88fa8cf4afda39709c2955"
    },
    "query": {},
    "body": {
        "review": "This Place is very best for ",
        "rating": 5,
        "refToTour": "5c88fa8cf4afda39709c2955",
        "refToUser": "6a8e7b572a0177dbef658b68"
    },
    "headers": {
        "content-type": "application/json",
        "user-agent": "PostmanRuntime/7.56.1",
        "accept": "*/*",
        "cache-control": "no-cache",
        "postman-token": "9e7c6ab7-0aae-43cc-a14d-920264aaf9fa",
        "host": "localhost:3000",
        "accept-encoding": "gzip, deflate, br",
        "connection": "keep-alive",
        "content-length": "68"
    },
    "statusCode": 201,
    "responseTime": "6ms"
}
===============================================================================================
===============================================================================================

{
    "time": "2026-08-26T12:41:32.865Z",
    "method": "POST",
    "url": "/api/v1/tours/5c88fa8cf4afda39709c2955/addReview",
    "ip": "::1",
    "params": {
        "tourID": "5c88fa8cf4afda39709c2955"
    },
    "query": {},
    "body": {
        "review": "This Place is very best for ",
        "rating": 5,
        "refToTour": "5c88fa8cf4afda39709c2955",
        "refToUser": "6a8e7b572a0177dbef658b68"
    },
    "headers": {
        "content-type": "application/json",
        "user-agent": "PostmanRuntime/7.56.1",
        "accept": "*/*",
        "cache-control": "no-cache",
        "postman-token": "4de5118c-1fb8-45c7-83e7-b31f6e25547e",
        "host": "localhost:3000",
        "accept-encoding": "gzip, deflate, br",
        "connection": "keep-alive",
        "content-length": "68"
    },
    "statusCode": 201,
    "responseTime": "4ms"
}
===============================================================================================
===============================================================================================

{
    "time": "2026-08-26T12:41:34.325Z",
    "method": "POST",
    "url": "/api/v1/tours/5c88fa8cf4afda39709c2955/addReview",
    "ip": "::1",
    "params": {
        "tourID": "5c88fa8cf4afda39709c2955"
    },
    "query": {},
    "body": {
        "review": "This Place is very best for ",
        "rating": 5,
        "refToTour": "5c88fa8cf4afda39709c2955",
        "refToUser": "6a8e7b572a0177dbef658b68"
    },
    "headers": {
        "content-type": "application/json",
        "user-agent": "PostmanRuntime/7.56.1",
        "accept": "*/*",
        "cache-control": "no-cache",
        "postman-token": "b47c1a7b-3788-4318-8811-2367f680bd0b",
        "host": "localhost:3000",
        "accept-encoding": "gzip, deflate, br",
        "connection": "keep-alive",
        "content-length": "68"
    },
    "statusCode": 201,
    "responseTime": "17ms"
}
===============================================================================================
===============================================================================================

{
    "time": "2026-08-26T12:41:35.994Z",
    "method": "POST",
    "url": "/api/v1/tours/5c88fa8cf4afda39709c2955/addReview",
    "ip": "::1",
    "params": {
        "tourID": "5c88fa8cf4afda39709c2955"
    },
    "query": {},
    "body": {
        "review": "This Place is very best for ",
        "rating": 5,
        "refToTour": "5c88fa8cf4afda39709c2955",
        "refToUser": "6a8e7b572a0177dbef658b68"
    },
    "headers": {
        "content-type": "application/json",
        "user-agent": "PostmanRuntime/7.56.1",
        "accept": "*/*",
        "cache-control": "no-cache",
        "postman-token": "ba2b8df7-1b40-4eed-b5de-3b4cc1f717e5",
        "host": "localhost:3000",
        "accept-encoding": "gzip, deflate, br",
        "connection": "keep-alive",
        "content-length": "68"
    },
    "statusCode": 201,
    "responseTime": "2ms"
}
===============================================================================================
===============================================================================================

{
    "time": "2026-08-26T12:41:38.157Z",
    "method": "POST",
    "url": "/api/v1/tours/5c88fa8cf4afda39709c2955/addReview",
    "ip": "::1",
    "params": {
        "tourID": "5c88fa8cf4afda39709c2955"
    },
    "query": {},
    "body": {
        "review": "This Place is very best for ",
        "rating": 5,
        "refToTour": "5c88fa8cf4afda39709c2955",
        "refToUser": "6a8e7b572a0177dbef658b68"
    },
    "headers": {
        "content-type": "application/json",
        "user-agent": "PostmanRuntime/7.56.1",
        "accept": "*/*",
        "cache-control": "no-cache",
        "postman-token": "b9e7cf4d-5ec0-4f06-80a0-e068ef28ad97",
        "host": "localhost:3000",
        "accept-encoding": "gzip, deflate, br",
        "connection": "keep-alive",
        "content-length": "68"
    },
    "statusCode": 201,
    "responseTime": "3ms"
}
===============================================================================================
===============================================================================================

{
    "time": "2026-08-26T12:41:40.406Z",
    "method": "POST",
    "url": "/api/v1/tours/5c88fa8cf4afda39709c2955/addReview",
    "ip": "::1",
    "params": {
        "tourID": "5c88fa8cf4afda39709c2955"
    },
    "query": {},
    "body": {
        "review": "This Place is very best for ",
        "rating": 5,
        "refToTour": "5c88fa8cf4afda39709c2955",
        "refToUser": "6a8e7b572a0177dbef658b68"
    },
    "headers": {
        "content-type": "application/json",
        "user-agent": "PostmanRuntime/7.56.1",
        "accept": "*/*",
        "cache-control": "no-cache",
        "postman-token": "7763632b-c96c-4983-b134-f37c293713d5",
        "host": "localhost:3000",
        "accept-encoding": "gzip, deflate, br",
        "connection": "keep-alive",
        "content-length": "68"
    },
    "statusCode": 201,
    "responseTime": "2ms"
}
===============================================================================================
===============================================================================================

{
    "time": "2026-08-26T12:41:43.067Z",
    "method": "POST",
    "url": "/api/v1/tours/5c88fa8cf4afda39709c2955/addReview",
    "ip": "::1",
    "params": {
        "tourID": "5c88fa8cf4afda39709c2955"
    },
    "query": {},
    "body": {
        "review": "This Place is very best for ",
        "rating": 5,
        "refToTour": "5c88fa8cf4afda39709c2955",
        "refToUser": "6a8e7b572a0177dbef658b68"
    },
    "headers": {
        "content-type": "application/json",
        "user-agent": "PostmanRuntime/7.56.1",
        "accept": "*/*",
        "cache-control": "no-cache",
        "postman-token": "19511293-7f71-467e-b751-3fb9fd9009bf",
        "host": "localhost:3000",
        "accept-encoding": "gzip, deflate, br",
        "connection": "keep-alive",
        "content-length": "68"
    },
    "statusCode": 201,
    "responseTime": "3ms"
}
===============================================================================================
===============================================================================================

{
    "time": "2026-08-26T12:41:44.891Z",
    "method": "POST",
    "url": "/api/v1/tours/5c88fa8cf4afda39709c2955/addReview",
    "ip": "::1",
    "params": {
        "tourID": "5c88fa8cf4afda39709c2955"
    },
    "query": {},
    "body": {
        "review": "This Place is very best for ",
        "rating": 5,
        "refToTour": "5c88fa8cf4afda39709c2955",
        "refToUser": "6a8e7b572a0177dbef658b68"
    },
    "headers": {
        "content-type": "application/json",
        "user-agent": "PostmanRuntime/7.56.1",
        "accept": "*/*",
        "cache-control": "no-cache",
        "postman-token": "d6f7dc12-1732-4486-a840-db72196d9e0c",
        "host": "localhost:3000",
        "accept-encoding": "gzip, deflate, br",
        "connection": "keep-alive",
        "content-length": "68"
    },
    "statusCode": 201,
    "responseTime": "3ms"
}
===============================================================================================
===============================================================================================

{
    "time": "2026-08-26T12:42:28.188Z",
    "method": "POST",
    "url": "/api/v1/tours/5c88fa8cf4afda39709c2955/addReview",
    "ip": "::1",
    "params": {
        "tourID": "5c88fa8cf4afda39709c2955"
    },
    "query": {},
    "body": {
        "review": "This Place is very best for ",
        "rating": 5,
        "refToTour": "5c88fa8cf4afda39709c2955",
        "refToUser": "6a8e7b572a0177dbef658b68"
    },
    "headers": {
        "content-type": "application/json",
        "user-agent": "PostmanRuntime/7.56.1",
        "accept": "*/*",
        "cache-control": "no-cache",
        "postman-token": "ec3e1c7c-72f1-4c61-a8f1-054a7e29e266",
        "host": "localhost:3000",
        "accept-encoding": "gzip, deflate, br",
        "connection": "keep-alive",
        "content-length": "68"
    },
    "statusCode": 201,
    "responseTime": "13ms"
}
===============================================================================================
===============================================================================================

{
    "time": "2026-08-26T12:42:31.722Z",
    "method": "POST",
    "url": "/api/v1/tours/5c88fa8cf4afda39709c2955/addReview",
    "ip": "::1",
    "params": {
        "tourID": "5c88fa8cf4afda39709c2955"
    },
    "query": {},
    "body": {
        "review": "This Place is very best for ",
        "rating": 5,
        "refToTour": "5c88fa8cf4afda39709c2955",
        "refToUser": "6a8e7b572a0177dbef658b68"
    },
    "headers": {
        "content-type": "application/json",
        "user-agent": "PostmanRuntime/7.56.1",
        "accept": "*/*",
        "cache-control": "no-cache",
        "postman-token": "f2767e72-cf2d-45c8-a02a-566363a886e4",
        "host": "localhost:3000",
        "accept-encoding": "gzip, deflate, br",
        "connection": "keep-alive",
        "content-length": "68"
    },
    "statusCode": 201,
    "responseTime": "3ms"
}
===============================================================================================
===============================================================================================

{
    "time": "2026-08-26T12:42:52.112Z",
    "method": "POST",
    "url": "/api/v1/tours/5c88fa8cf4afda39709c2955/addReview",
    "ip": "::1",
    "params": {
        "tourID": "5c88fa8cf4afda39709c2955"
    },
    "query": {},
    "body": {
        "review": "This Place is very best for ",
        "rating": 2,
        "refToTour": "5c88fa8cf4afda39709c2955",
        "refToUser": "6a8e7b572a0177dbef658b68"
    },
    "headers": {
        "content-type": "application/json",
        "user-agent": "PostmanRuntime/7.56.1",
        "accept": "*/*",
        "cache-control": "no-cache",
        "postman-token": "3533e99a-805c-4caf-b20b-2a217f31b514",
        "host": "localhost:3000",
        "accept-encoding": "gzip, deflate, br",
        "connection": "keep-alive",
        "content-length": "74"
    },
    "statusCode": 201,
    "responseTime": "3ms"
}
===============================================================================================
===============================================================================================

{
    "time": "2026-08-26T12:43:01.787Z",
    "method": "POST",
    "url": "/api/v1/tours/5c88fa8cf4afda39709c2955/addReview",
    "ip": "::1",
    "params": {
        "tourID": "5c88fa8cf4afda39709c2955"
    },
    "query": {},
    "body": {
        "review": "This Place is very best for ",
        "rating": 2,
        "refToTour": "5c88fa8cf4afda39709c2955",
        "refToUser": "6a8e7b572a0177dbef658b68"
    },
    "headers": {
        "content-type": "application/json",
        "user-agent": "PostmanRuntime/7.56.1",
        "accept": "*/*",
        "cache-control": "no-cache",
        "postman-token": "2940a097-005b-41b1-88f6-7950b93d674b",
        "host": "localhost:3000",
        "accept-encoding": "gzip, deflate, br",
        "connection": "keep-alive",
        "content-length": "78"
    },
    "statusCode": 201,
    "responseTime": "3ms"
}
===============================================================================================
===============================================================================================

{
    "time": "2026-08-26T12:43:04.041Z",
    "method": "POST",
    "url": "/api/v1/tours/5c88fa8cf4afda39709c2955/addReview",
    "ip": "::1",
    "params": {
        "tourID": "5c88fa8cf4afda39709c2955"
    },
    "query": {},
    "body": {
        "review": "This Place is very best for ",
        "rating": 2,
        "refToTour": "5c88fa8cf4afda39709c2955",
        "refToUser": "6a8e7b572a0177dbef658b68"
    },
    "headers": {
        "content-type": "application/json",
        "user-agent": "PostmanRuntime/7.56.1",
        "accept": "*/*",
        "cache-control": "no-cache",
        "postman-token": "bf75b4c6-fe37-492a-a007-c2e838d2df9a",
        "host": "localhost:3000",
        "accept-encoding": "gzip, deflate, br",
        "connection": "keep-alive",
        "content-length": "78"
    },
    "statusCode": 201,
    "responseTime": "5ms"
}
===============================================================================================
===============================================================================================

{
    "time": "2026-08-26T12:43:30.217Z",
    "method": "POST",
    "url": "/api/v1/tours/5c88fa8cf4afda39709c2955/addReview",
    "ip": "::1",
    "params": {
        "tourID": "5c88fa8cf4afda39709c2955"
    },
    "query": {},
    "body": {
        "review": "This Place is very best for ",
        "rating": 2,
        "refToTour": "5c88fa8cf4afda39709c2955",
        "refToUser": "6a8e7b572a0177dbef658b68"
    },
    "headers": {
        "content-type": "application/json",
        "user-agent": "PostmanRuntime/7.56.1",
        "accept": "*/*",
        "cache-control": "no-cache",
        "postman-token": "ae9ececf-ff1d-41d7-8916-b8c2aab7771f",
        "host": "localhost:3000",
        "accept-encoding": "gzip, deflate, br",
        "connection": "keep-alive",
        "content-length": "78"
    },
    "statusCode": 201,
    "responseTime": "17ms"
}
===============================================================================================
===============================================================================================

{
    "time": "2026-08-26T12:43:37.747Z",
    "method": "POST",
    "url": "/api/v1/tours/5c88fa8cf4afda39709c2955/addReview",
    "ip": "::1",
    "params": {
        "tourID": "5c88fa8cf4afda39709c2955"
    },
    "query": {},
    "body": {
        "review": "This Place is very best for ",
        "rating": 2,
        "refToTour": "5c88fa8cf4afda39709c2955",
        "refToUser": "6a8e7b572a0177dbef658b68"
    },
    "headers": {
        "content-type": "application/json",
        "user-agent": "PostmanRuntime/7.56.1",
        "accept": "*/*",
        "cache-control": "no-cache",
        "postman-token": "12c577a9-43e8-4fa9-b68a-f22ada289c4f",
        "host": "localhost:3000",
        "accept-encoding": "gzip, deflate, br",
        "connection": "keep-alive",
        "content-length": "78"
    },
    "statusCode": 201,
    "responseTime": "3ms"
}
===============================================================================================
===============================================================================================

{
    "time": "2026-08-26T12:45:21.077Z",
    "method": "POST",
    "url": "/api/v1/tours/5c88fa8cf4afda39709c2955/addReview",
    "ip": "::1",
    "params": {
        "tourID": "5c88fa8cf4afda39709c2955"
    },
    "query": {},
    "body": {
        "review": "This Place is very best for ",
        "rating": 2,
        "refToTour": "5c88fa8cf4afda39709c2955",
        "refToUser": "6a8e7b572a0177dbef658b68"
    },
    "headers": {
        "content-type": "application/json",
        "user-agent": "PostmanRuntime/7.56.1",
        "accept": "*/*",
        "cache-control": "no-cache",
        "postman-token": "a8d03bd8-8f1c-4e42-bc2b-abec27048507",
        "host": "localhost:3000",
        "accept-encoding": "gzip, deflate, br",
        "connection": "keep-alive",
        "content-length": "78"
    },
    "statusCode": 201,
    "responseTime": "38ms"
}
===============================================================================================
===============================================================================================

{
    "time": "2026-08-26T12:45:24.670Z",
    "method": "POST",
    "url": "/api/v1/tours/5c88fa8cf4afda39709c2955/addReview",
    "ip": "::1",
    "params": {
        "tourID": "5c88fa8cf4afda39709c2955"
    },
    "query": {},
    "body": {
        "review": "This Place is very best for ",
        "rating": 2,
        "refToTour": "5c88fa8cf4afda39709c2955",
        "refToUser": "6a8e7b572a0177dbef658b68"
    },
    "headers": {
        "content-type": "application/json",
        "user-agent": "PostmanRuntime/7.56.1",
        "accept": "*/*",
        "cache-control": "no-cache",
        "postman-token": "a7b031e7-74fb-4aa6-89c4-8fddd9bff4af",
        "host": "localhost:3000",
        "accept-encoding": "gzip, deflate, br",
        "connection": "keep-alive",
        "content-length": "78"
    },
    "statusCode": 201,
    "responseTime": "6ms"
}
===============================================================================================
===============================================================================================

{
    "time": "2026-08-26T12:45:28.506Z",
    "method": "POST",
    "url": "/api/v1/tours/5c88fa8cf4afda39709c2955/addReview",
    "ip": "::1",
    "params": {
        "tourID": "5c88fa8cf4afda39709c2955"
    },
    "query": {},
    "body": {
        "review": "This Place is very best for ",
        "rating": 2.1,
        "refToTour": "5c88fa8cf4afda39709c2955",
        "refToUser": "6a8e7b572a0177dbef658b68"
    },
    "headers": {
        "content-type": "application/json",
        "user-agent": "PostmanRuntime/7.56.1",
        "accept": "*/*",
        "cache-control": "no-cache",
        "postman-token": "f26288fd-c91d-402e-8f43-c8be2fd9514e",
        "host": "localhost:3000",
        "accept-encoding": "gzip, deflate, br",
        "connection": "keep-alive",
        "content-length": "72"
    },
    "statusCode": 201,
    "responseTime": "7ms"
}
===============================================================================================
===============================================================================================

{
    "time": "2026-08-26T12:45:31.097Z",
    "method": "POST",
    "url": "/api/v1/tours/5c88fa8cf4afda39709c2955/addReview",
    "ip": "::1",
    "params": {
        "tourID": "5c88fa8cf4afda39709c2955"
    },
    "query": {},
    "body": {
        "review": "This Place is very best for ",
        "rating": 2.1,
        "refToTour": "5c88fa8cf4afda39709c2955",
        "refToUser": "6a8e7b572a0177dbef658b68"
    },
    "headers": {
        "content-type": "application/json",
        "user-agent": "PostmanRuntime/7.56.1",
        "accept": "*/*",
        "cache-control": "no-cache",
        "postman-token": "fc91a7d0-e1a4-4dd5-9a4a-463e59b228ff",
        "host": "localhost:3000",
        "accept-encoding": "gzip, deflate, br",
        "connection": "keep-alive",
        "content-length": "72"
    },
    "statusCode": 201,
    "responseTime": "8ms"
}
===============================================================================================
===============================================================================================

{
    "time": "2026-08-26T12:45:32.306Z",
    "method": "POST",
    "url": "/api/v1/tours/5c88fa8cf4afda39709c2955/addReview",
    "ip": "::1",
    "params": {
        "tourID": "5c88fa8cf4afda39709c2955"
    },
    "query": {},
    "body": {
        "review": "This Place is very best for ",
        "rating": 2.1,
        "refToTour": "5c88fa8cf4afda39709c2955",
        "refToUser": "6a8e7b572a0177dbef658b68"
    },
    "headers": {
        "content-type": "application/json",
        "user-agent": "PostmanRuntime/7.56.1",
        "accept": "*/*",
        "cache-control": "no-cache",
        "postman-token": "52436f10-b1c4-4369-a619-d4106ca778f8",
        "host": "localhost:3000",
        "accept-encoding": "gzip, deflate, br",
        "connection": "keep-alive",
        "content-length": "72"
    },
    "statusCode": 201,
    "responseTime": "5ms"
}
===============================================================================================
===============================================================================================

{
    "time": "2026-08-26T12:45:33.873Z",
    "method": "POST",
    "url": "/api/v1/tours/5c88fa8cf4afda39709c2955/addReview",
    "ip": "::1",
    "params": {
        "tourID": "5c88fa8cf4afda39709c2955"
    },
    "query": {},
    "body": {
        "review": "This Place is very best for ",
        "rating": 2.1,
        "refToTour": "5c88fa8cf4afda39709c2955",
        "refToUser": "6a8e7b572a0177dbef658b68"
    },
    "headers": {
        "content-type": "application/json",
        "user-agent": "PostmanRuntime/7.56.1",
        "accept": "*/*",
        "cache-control": "no-cache",
        "postman-token": "e84f3084-a7c1-41e8-89ba-5d2360e8da0a",
        "host": "localhost:3000",
        "accept-encoding": "gzip, deflate, br",
        "connection": "keep-alive",
        "content-length": "72"
    },
    "statusCode": 201,
    "responseTime": "5ms"
}
===============================================================================================
===============================================================================================

{
    "time": "2026-08-26T12:45:35.198Z",
    "method": "POST",
    "url": "/api/v1/tours/5c88fa8cf4afda39709c2955/addReview",
    "ip": "::1",
    "params": {
        "tourID": "5c88fa8cf4afda39709c2955"
    },
    "query": {},
    "body": {
        "review": "This Place is very best for ",
        "rating": 2.1,
        "refToTour": "5c88fa8cf4afda39709c2955",
        "refToUser": "6a8e7b572a0177dbef658b68"
    },
    "headers": {
        "content-type": "application/json",
        "user-agent": "PostmanRuntime/7.56.1",
        "accept": "*/*",
        "cache-control": "no-cache",
        "postman-token": "5efaec45-cbf8-4bb4-b57c-653646767d9a",
        "host": "localhost:3000",
        "accept-encoding": "gzip, deflate, br",
        "connection": "keep-alive",
        "content-length": "72"
    },
    "statusCode": 201,
    "responseTime": "4ms"
}
===============================================================================================
===============================================================================================

{
    "time": "2026-08-26T12:45:36.510Z",
    "method": "POST",
    "url": "/api/v1/tours/5c88fa8cf4afda39709c2955/addReview",
    "ip": "::1",
    "params": {
        "tourID": "5c88fa8cf4afda39709c2955"
    },
    "query": {},
    "body": {
        "review": "This Place is very best for ",
        "rating": 2.1,
        "refToTour": "5c88fa8cf4afda39709c2955",
        "refToUser": "6a8e7b572a0177dbef658b68"
    },
    "headers": {
        "content-type": "application/json",
        "user-agent": "PostmanRuntime/7.56.1",
        "accept": "*/*",
        "cache-control": "no-cache",
        "postman-token": "c1fb699d-45fd-4ed3-909d-39dc45b7bbfd",
        "host": "localhost:3000",
        "accept-encoding": "gzip, deflate, br",
        "connection": "keep-alive",
        "content-length": "72"
    },
    "statusCode": 201,
    "responseTime": "4ms"
}
===============================================================================================
===============================================================================================

{
    "time": "2026-08-26T12:45:42.678Z",
    "method": "POST",
    "url": "/api/v1/tours/5c88fa8cf4afda39709c2955/addReview",
    "ip": "::1",
    "params": {
        "tourID": "5c88fa8cf4afda39709c2955"
    },
    "query": {},
    "body": {
        "review": "This Place is very best for ",
        "rating": 2.1,
        "refToTour": "5c88fa8cf4afda39709c2955",
        "refToUser": "6a8e7b572a0177dbef658b68"
    },
    "headers": {
        "content-type": "application/json",
        "user-agent": "PostmanRuntime/7.56.1",
        "accept": "*/*",
        "cache-control": "no-cache",
        "postman-token": "2b7ab8cf-ff2e-4607-baa0-295e1e618b75",
        "host": "localhost:3000",
        "accept-encoding": "gzip, deflate, br",
        "connection": "keep-alive",
        "content-length": "72"
    },
    "statusCode": 201,
    "responseTime": "39ms"
}
===============================================================================================
===============================================================================================

{
    "time": "2026-08-26T12:45:49.610Z",
    "method": "POST",
    "url": "/api/v1/tours/5c88fa8cf4afda39709c2955/addReview",
    "ip": "::1",
    "params": {
        "tourID": "5c88fa8cf4afda39709c2955"
    },
    "query": {},
    "body": {
        "review": "This Place is very best for ",
        "rating": 2.1,
        "refToTour": "5c88fa8cf4afda39709c2955",
        "refToUser": "6a8e7b572a0177dbef658b68"
    },
    "headers": {
        "content-type": "application/json",
        "user-agent": "PostmanRuntime/7.56.1",
        "accept": "*/*",
        "cache-control": "no-cache",
        "postman-token": "e2b62004-a9fe-41f8-9d67-d8b8c798c94d",
        "host": "localhost:3000",
        "accept-encoding": "gzip, deflate, br",
        "connection": "keep-alive",
        "content-length": "72"
    },
    "statusCode": 201,
    "responseTime": "8ms"
}
===============================================================================================
===============================================================================================

{
    "time": "2026-08-26T12:45:51.486Z",
    "method": "POST",
    "url": "/api/v1/tours/5c88fa8cf4afda39709c2955/addReview",
    "ip": "::1",
    "params": {
        "tourID": "5c88fa8cf4afda39709c2955"
    },
    "query": {},
    "body": {
        "review": "This Place is very best for ",
        "rating": 2.1,
        "refToTour": "5c88fa8cf4afda39709c2955",
        "refToUser": "6a8e7b572a0177dbef658b68"
    },
    "headers": {
        "content-type": "application/json",
        "user-agent": "PostmanRuntime/7.56.1",
        "accept": "*/*",
        "cache-control": "no-cache",
        "postman-token": "dd649676-ccd7-4c04-ab29-da5563c35205",
        "host": "localhost:3000",
        "accept-encoding": "gzip, deflate, br",
        "connection": "keep-alive",
        "content-length": "72"
    },
    "statusCode": 201,
    "responseTime": "5ms"
}
===============================================================================================
===============================================================================================

{
    "time": "2026-08-26T12:51:29.365Z",
    "method": "POST",
    "url": "/api/v1/tours/5c88fa8cf4afda39709c2955/addReview",
    "ip": "::1",
    "params": {
        "tourID": "5c88fa8cf4afda39709c2955"
    },
    "query": {},
    "body": {
        "review": "This Place is very best for ",
        "rating": 2.1,
        "refToTour": "5c88fa8cf4afda39709c2955",
        "refToUser": "6a8e7b572a0177dbef658b68"
    },
    "headers": {
        "content-type": "application/json",
        "user-agent": "PostmanRuntime/7.56.1",
        "accept": "*/*",
        "cache-control": "no-cache",
        "postman-token": "50c65911-2ac3-4b2e-baf5-d14afab10d30",
        "host": "localhost:3000",
        "accept-encoding": "gzip, deflate, br",
        "connection": "keep-alive",
        "content-length": "72"
    },
    "statusCode": 201,
    "responseTime": "5ms"
}
===============================================================================================
===============================================================================================

{
    "time": "2026-08-26T12:51:30.401Z",
    "method": "POST",
    "url": "/api/v1/tours/5c88fa8cf4afda39709c2955/addReview",
    "ip": "::1",
    "params": {
        "tourID": "5c88fa8cf4afda39709c2955"
    },
    "query": {},
    "body": {
        "review": "This Place is very best for ",
        "rating": 2.1,
        "refToTour": "5c88fa8cf4afda39709c2955",
        "refToUser": "6a8e7b572a0177dbef658b68"
    },
    "headers": {
        "content-type": "application/json",
        "user-agent": "PostmanRuntime/7.56.1",
        "accept": "*/*",
        "cache-control": "no-cache",
        "postman-token": "4b99a15b-54df-4fb7-879b-058ee0a4c187",
        "host": "localhost:3000",
        "accept-encoding": "gzip, deflate, br",
        "connection": "keep-alive",
        "content-length": "72"
    },
    "statusCode": 201,
    "responseTime": "5ms"
}
===============================================================================================
===============================================================================================

{
    "time": "2026-08-26T12:51:39.206Z",
    "method": "GET",
    "url": "/api/v1/tours/5c88fa8cf4afda39709c2955",
    "ip": "::1",
    "params": {
        "id": "5c88fa8cf4afda39709c2955"
    },
    "query": {},
    "body": {},
    "headers": {
        "user-agent": "PostmanRuntime/7.56.1",
        "accept": "*/*",
        "cache-control": "no-cache",
        "postman-token": "5501c244-7bee-440d-b4b7-d5326c219810",
        "host": "localhost:3000",
        "accept-encoding": "gzip, deflate, br",
        "connection": "keep-alive"
    },
    "statusCode": 200,
    "responseTime": "18ms"
}
===============================================================================================
===============================================================================================

{
    "time": "2026-08-26T12:54:52.588Z",
    "method": "GET",
    "url": "/api/v1/tours/5c88fa8cf4afda39709c2955",
    "ip": "::1",
    "params": {
        "id": "5c88fa8cf4afda39709c2955"
    },
    "query": {},
    "body": {},
    "headers": {
        "user-agent": "PostmanRuntime/7.56.1",
        "accept": "*/*",
        "cache-control": "no-cache",
        "postman-token": "43a877f6-ef9d-4e41-9abf-248bf86da229",
        "host": "localhost:3000",
        "accept-encoding": "gzip, deflate, br",
        "connection": "keep-alive"
    },
    "statusCode": 200,
    "responseTime": "54ms"
}
===============================================================================================
===============================================================================================

{
    "time": "2026-08-26T12:54:58.068Z",
    "method": "GET",
    "url": "/api/v1/review/showReview",
    "ip": "::1",
    "params": {},
    "query": {},
    "body": {},
    "headers": {
        "user-agent": "PostmanRuntime/7.56.1",
        "accept": "*/*",
        "cache-control": "no-cache",
        "postman-token": "a9dd90fc-6657-42fb-b7ca-ff2ae53d59d5",
        "host": "localhost:3000",
        "accept-encoding": "gzip, deflate, br",
        "connection": "keep-alive"
    },
    "statusCode": 200,
    "responseTime": "11ms"
}
===============================================================================================
===============================================================================================

{
    "time": "2026-08-26T13:02:16.262Z",
    "method": "POST",
    "url": "/api/v1/tours/5c88fa8cf4afda39709c2955/addReview",
    "ip": "::1",
    "params": {
        "tourID": "5c88fa8cf4afda39709c2955"
    },
    "query": {},
    "body": {
        "review": "This Place is very best for ",
        "rating": 2.1,
        "refToTour": "5c88fa8cf4afda39709c2955",
        "refToUser": "6a8e7b572a0177dbef658b68"
    },
    "headers": {
        "content-type": "application/json",
        "user-agent": "PostmanRuntime/7.56.1",
        "accept": "*/*",
        "cache-control": "no-cache",
        "postman-token": "0966b6fb-2663-4635-9615-05f529f4eb5f",
        "host": "localhost:3000",
        "accept-encoding": "gzip, deflate, br",
        "connection": "keep-alive",
        "content-length": "72"
    },
    "statusCode": 201,
    "responseTime": "38ms"
}
===============================================================================================
===============================================================================================

{
    "time": "2026-08-26T13:02:18.927Z",
    "method": "POST",
    "url": "/api/v1/tours/5c88fa8cf4afda39709c2955/addReview",
    "ip": "::1",
    "params": {
        "tourID": "5c88fa8cf4afda39709c2955"
    },
    "query": {},
    "body": {
        "review": "This Place is very best for ",
        "rating": 2.1,
        "refToTour": "5c88fa8cf4afda39709c2955",
        "refToUser": "6a8e7b572a0177dbef658b68"
    },
    "headers": {
        "content-type": "application/json",
        "user-agent": "PostmanRuntime/7.56.1",
        "accept": "*/*",
        "cache-control": "no-cache",
        "postman-token": "da595f69-857d-4f58-ace8-e85403c76bc3",
        "host": "localhost:3000",
        "accept-encoding": "gzip, deflate, br",
        "connection": "keep-alive",
        "content-length": "72"
    },
    "statusCode": 201,
    "responseTime": "7ms"
}
===============================================================================================
===============================================================================================

{
    "time": "2026-08-26T13:02:21.846Z",
    "method": "GET",
    "url": "/api/v1/tours/5c88fa8cf4afda39709c2955",
    "ip": "::1",
    "params": {
        "id": "5c88fa8cf4afda39709c2955"
    },
    "query": {},
    "body": {},
    "headers": {
        "user-agent": "PostmanRuntime/7.56.1",
        "accept": "*/*",
        "cache-control": "no-cache",
        "postman-token": "26124d96-18f9-44be-b996-14d76aa91f3a",
        "host": "localhost:3000",
        "accept-encoding": "gzip, deflate, br",
        "connection": "keep-alive"
    },
    "statusCode": 200,
    "responseTime": "18ms"
}
===============================================================================================
===============================================================================================

{
    "time": "2026-08-26T13:05:10.828Z",
    "method": "POST",
    "url": "/api/v1/tours/5c88fa8cf4afda39709c2955/addReview",
    "ip": "::1",
    "params": {
        "tourID": "5c88fa8cf4afda39709c2955"
    },
    "query": {},
    "body": {
        "review": "This Place is very best for ",
        "rating": 5,
        "refToTour": "5c88fa8cf4afda39709c2955",
        "refToUser": "6a8e7b572a0177dbef658b68"
    },
    "headers": {
        "content-type": "application/json",
        "user-agent": "PostmanRuntime/7.56.1",
        "accept": "*/*",
        "cache-control": "no-cache",
        "postman-token": "14eaaf75-8f77-48ac-96c1-ae58593386bb",
        "host": "localhost:3000",
        "accept-encoding": "gzip, deflate, br",
        "connection": "keep-alive",
        "content-length": "70"
    },
    "statusCode": 201,
    "responseTime": "7ms"
}
===============================================================================================
===============================================================================================

{
    "time": "2026-08-26T13:05:15.291Z",
    "method": "POST",
    "url": "/api/v1/tours/5c88fa8cf4afda39709c2955/addReview",
    "ip": "::1",
    "params": {
        "tourID": "5c88fa8cf4afda39709c2955"
    },
    "query": {},
    "body": {
        "review": "This Place is very best for ",
        "rating": 5,
        "refToTour": "5c88fa8cf4afda39709c2955",
        "refToUser": "6a8e7b572a0177dbef658b68"
    },
    "headers": {
        "content-type": "application/json",
        "user-agent": "PostmanRuntime/7.56.1",
        "accept": "*/*",
        "cache-control": "no-cache",
        "postman-token": "1a2431fa-569d-4c0c-80b5-894dc5ecd459",
        "host": "localhost:3000",
        "accept-encoding": "gzip, deflate, br",
        "connection": "keep-alive",
        "content-length": "70"
    },
    "statusCode": 201,
    "responseTime": "5ms"
}
===============================================================================================
===============================================================================================

{
    "time": "2026-08-26T13:05:17.125Z",
    "method": "POST",
    "url": "/api/v1/tours/5c88fa8cf4afda39709c2955/addReview",
    "ip": "::1",
    "params": {
        "tourID": "5c88fa8cf4afda39709c2955"
    },
    "query": {},
    "body": {
        "review": "This Place is very best for ",
        "rating": 5,
        "refToTour": "5c88fa8cf4afda39709c2955",
        "refToUser": "6a8e7b572a0177dbef658b68"
    },
    "headers": {
        "content-type": "application/json",
        "user-agent": "PostmanRuntime/7.56.1",
        "accept": "*/*",
        "cache-control": "no-cache",
        "postman-token": "b2efc580-17be-41c6-ac31-c254ef530a22",
        "host": "localhost:3000",
        "accept-encoding": "gzip, deflate, br",
        "connection": "keep-alive",
        "content-length": "70"
    },
    "statusCode": 201,
    "responseTime": "4ms"
}
===============================================================================================
===============================================================================================

{
    "time": "2026-08-26T13:05:20.024Z",
    "method": "GET",
    "url": "/api/v1/tours/5c88fa8cf4afda39709c2955",
    "ip": "::1",
    "params": {
        "id": "5c88fa8cf4afda39709c2955"
    },
    "query": {},
    "body": {},
    "headers": {
        "user-agent": "PostmanRuntime/7.56.1",
        "accept": "*/*",
        "cache-control": "no-cache",
        "postman-token": "cfde2217-a0b3-4fa9-ac71-96d47526cfc5",
        "host": "localhost:3000",
        "accept-encoding": "gzip, deflate, br",
        "connection": "keep-alive"
    },
    "statusCode": 200,
    "responseTime": "10ms"
}
===============================================================================================
===============================================================================================

{
    "time": "2026-08-26T13:10:10.221Z",
    "method": "POST",
    "url": "/api/v1/tours/5c88fa8cf4afda39709c2951/addReview",
    "ip": "::1",
    "params": {
        "tourID": "5c88fa8cf4afda39709c2951"
    },
    "query": {},
    "body": {
        "review": "This Place is very best for ",
        "rating": 3,
        "refToTour": "5c88fa8cf4afda39709c2951",
        "refToUser": "6a8e7b572a0177dbef658b68"
    },
    "headers": {
        "content-type": "application/json",
        "user-agent": "PostmanRuntime/7.56.1",
        "accept": "*/*",
        "cache-control": "no-cache",
        "postman-token": "b3dc80c0-34bb-427b-8ae3-0b03b6dea8de",
        "host": "localhost:3000",
        "accept-encoding": "gzip, deflate, br",
        "connection": "keep-alive",
        "content-length": "70"
    },
    "statusCode": 201,
    "responseTime": "43ms"
}
===============================================================================================
===============================================================================================

{
    "time": "2026-08-26T13:10:21.054Z",
    "method": "POST",
    "url": "/api/v1/tours/5c88fa8cf4afda39709c2951/addReview",
    "ip": "::1",
    "params": {
        "tourID": "5c88fa8cf4afda39709c2951"
    },
    "query": {},
    "body": {
        "review": "This Place is very best for ",
        "rating": 2,
        "refToTour": "5c88fa8cf4afda39709c2951",
        "refToUser": "6a8e7b572a0177dbef658b68"
    },
    "headers": {
        "content-type": "application/json",
        "user-agent": "PostmanRuntime/7.56.1",
        "accept": "*/*",
        "cache-control": "no-cache",
        "postman-token": "2c63ad27-3c0b-43e2-ae47-7e04cb70b90b",
        "host": "localhost:3000",
        "accept-encoding": "gzip, deflate, br",
        "connection": "keep-alive",
        "content-length": "70"
    },
    "statusCode": 201,
    "responseTime": "5ms"
}
===============================================================================================
===============================================================================================

{
    "time": "2026-08-26T13:10:24.498Z",
    "method": "POST",
    "url": "/api/v1/tours/5c88fa8cf4afda39709c2951/addReview",
    "ip": "::1",
    "params": {
        "tourID": "5c88fa8cf4afda39709c2951"
    },
    "query": {},
    "body": {
        "review": "This Place is very best for ",
        "rating": 4,
        "refToTour": "5c88fa8cf4afda39709c2951",
        "refToUser": "6a8e7b572a0177dbef658b68"
    },
    "headers": {
        "content-type": "application/json",
        "user-agent": "PostmanRuntime/7.56.1",
        "accept": "*/*",
        "cache-control": "no-cache",
        "postman-token": "61107c0d-c58d-4939-8187-7af5b463be0f",
        "host": "localhost:3000",
        "accept-encoding": "gzip, deflate, br",
        "connection": "keep-alive",
        "content-length": "70"
    },
    "statusCode": 201,
    "responseTime": "6ms"
}
===============================================================================================
===============================================================================================

{
    "time": "2026-08-26T13:10:36.759Z",
    "method": "POST",
    "url": "/api/v1/tours/5c88fa8cf4afda39709c2951/addReview",
    "ip": "::1",
    "params": {
        "tourID": "5c88fa8cf4afda39709c2951"
    },
    "query": {},
    "body": {
        "review": "This Place is very best for ",
        "rating": 4,
        "refToTour": "5c88fa8cf4afda39709c2951",
        "refToUser": "6a8e7b572a0177dbef658b68"
    },
    "headers": {
        "content-type": "application/json",
        "user-agent": "PostmanRuntime/7.56.1",
        "accept": "*/*",
        "cache-control": "no-cache",
        "postman-token": "9c1d8d16-362c-46f1-9e43-c26bb685cc13",
        "host": "localhost:3000",
        "accept-encoding": "gzip, deflate, br",
        "connection": "keep-alive",
        "content-length": "70"
    },
    "statusCode": 201,
    "responseTime": "4ms"
}
===============================================================================================
===============================================================================================

{
    "time": "2026-08-26T13:10:45.993Z",
    "method": "POST",
    "url": "/api/v1/tours/5c88fa8cf4afda39709c295d/addReview",
    "ip": "::1",
    "params": {
        "tourID": "5c88fa8cf4afda39709c295d"
    },
    "query": {},
    "body": {
        "review": "This Place is very best for ",
        "rating": 4,
        "refToTour": "5c88fa8cf4afda39709c295d",
        "refToUser": "6a8e7b572a0177dbef658b68"
    },
    "headers": {
        "content-type": "application/json",
        "user-agent": "PostmanRuntime/7.56.1",
        "accept": "*/*",
        "cache-control": "no-cache",
        "postman-token": "2f031d95-495d-4c14-8d42-f2106a8fd49f",
        "host": "localhost:3000",
        "accept-encoding": "gzip, deflate, br",
        "connection": "keep-alive",
        "content-length": "70"
    },
    "statusCode": 201,
    "responseTime": "5ms"
}
===============================================================================================
===============================================================================================

{
    "time": "2026-08-26T13:10:47.001Z",
    "method": "POST",
    "url": "/api/v1/tours/5c88fa8cf4afda39709c295d/addReview",
    "ip": "::1",
    "params": {
        "tourID": "5c88fa8cf4afda39709c295d"
    },
    "query": {},
    "body": {
        "review": "This Place is very best for ",
        "rating": 4,
        "refToTour": "5c88fa8cf4afda39709c295d",
        "refToUser": "6a8e7b572a0177dbef658b68"
    },
    "headers": {
        "content-type": "application/json",
        "user-agent": "PostmanRuntime/7.56.1",
        "accept": "*/*",
        "cache-control": "no-cache",
        "postman-token": "90227bef-bca1-4785-a01e-fa4e35d4ca67",
        "host": "localhost:3000",
        "accept-encoding": "gzip, deflate, br",
        "connection": "keep-alive",
        "content-length": "70"
    },
    "statusCode": 201,
    "responseTime": "4ms"
}
===============================================================================================
===============================================================================================

{
    "time": "2026-08-26T13:10:55.134Z",
    "method": "POST",
    "url": "/api/v1/tours/5c88fa8cf4afda39709c2966/addReview",
    "ip": "::1",
    "params": {
        "tourID": "5c88fa8cf4afda39709c2966"
    },
    "query": {},
    "body": {
        "review": "This Place is very best for ",
        "rating": 3,
        "refToTour": "5c88fa8cf4afda39709c2966",
        "refToUser": "6a8e7b572a0177dbef658b68"
    },
    "headers": {
        "content-type": "application/json",
        "user-agent": "PostmanRuntime/7.56.1",
        "accept": "*/*",
        "cache-control": "no-cache",
        "postman-token": "ee37d5a3-4e3d-4b04-aca4-12fed0c13e3d",
        "host": "localhost:3000",
        "accept-encoding": "gzip, deflate, br",
        "connection": "keep-alive",
        "content-length": "70"
    },
    "statusCode": 201,
    "responseTime": "5ms"
}
===============================================================================================
===============================================================================================

{
    "time": "2026-08-26T13:10:57.675Z",
    "method": "POST",
    "url": "/api/v1/tours/5c88fa8cf4afda39709c2966/addReview",
    "ip": "::1",
    "params": {
        "tourID": "5c88fa8cf4afda39709c2966"
    },
    "query": {},
    "body": {
        "review": "This Place is very best for ",
        "rating": 5,
        "refToTour": "5c88fa8cf4afda39709c2966",
        "refToUser": "6a8e7b572a0177dbef658b68"
    },
    "headers": {
        "content-type": "application/json",
        "user-agent": "PostmanRuntime/7.56.1",
        "accept": "*/*",
        "cache-control": "no-cache",
        "postman-token": "dfd0d682-568d-4cf1-a52f-5497ab508617",
        "host": "localhost:3000",
        "accept-encoding": "gzip, deflate, br",
        "connection": "keep-alive",
        "content-length": "70"
    },
    "statusCode": 201,
    "responseTime": "4ms"
}
===============================================================================================
===============================================================================================

{
    "time": "2026-08-26T13:11:09.849Z",
    "method": "POST",
    "url": "/api/v1/tours/5c88fa8cf4afda39709c295a/addReview",
    "ip": "::1",
    "params": {
        "tourID": "5c88fa8cf4afda39709c295a"
    },
    "query": {},
    "body": {
        "review": "This Place is very best for ",
        "rating": 4.6,
        "refToTour": "5c88fa8cf4afda39709c295a",
        "refToUser": "6a8e7b572a0177dbef658b68"
    },
    "headers": {
        "content-type": "application/json",
        "user-agent": "PostmanRuntime/7.56.1",
        "accept": "*/*",
        "cache-control": "no-cache",
        "postman-token": "b8ffb5bc-695c-4081-8611-bd533eb29c8c",
        "host": "localhost:3000",
        "accept-encoding": "gzip, deflate, br",
        "connection": "keep-alive",
        "content-length": "72"
    },
    "statusCode": 201,
    "responseTime": "5ms"
}
===============================================================================================
===============================================================================================

{
    "time": "2026-08-26T13:11:16.422Z",
    "method": "POST",
    "url": "/api/v1/tours/5c88fa8cf4afda39709c295a/addReview",
    "ip": "::1",
    "params": {
        "tourID": "5c88fa8cf4afda39709c295a"
    },
    "query": {},
    "body": {
        "review": "This Place is very best for ",
        "rating": 2,
        "refToTour": "5c88fa8cf4afda39709c295a",
        "refToUser": "6a8e7b572a0177dbef658b68"
    },
    "headers": {
        "content-type": "application/json",
        "user-agent": "PostmanRuntime/7.56.1",
        "accept": "*/*",
        "cache-control": "no-cache",
        "postman-token": "0b44ad38-80cf-4930-a29a-cea32d624e9f",
        "host": "localhost:3000",
        "accept-encoding": "gzip, deflate, br",
        "connection": "keep-alive",
        "content-length": "70"
    },
    "statusCode": 201,
    "responseTime": "4ms"
}
===============================================================================================
===============================================================================================

{
    "time": "2026-08-26T13:11:32.477Z",
    "method": "POST",
    "url": "/api/v1/tours/5c88fa8cf4afda39709c2974/addReview",
    "ip": "::1",
    "params": {
        "tourID": "5c88fa8cf4afda39709c2974"
    },
    "query": {},
    "body": {
        "review": "This Place is very best for ",
        "rating": 5,
        "refToTour": "5c88fa8cf4afda39709c2974",
        "refToUser": "6a8e7b572a0177dbef658b68"
    },
    "headers": {
        "content-type": "application/json",
        "user-agent": "PostmanRuntime/7.56.1",
        "accept": "*/*",
        "cache-control": "no-cache",
        "postman-token": "a32f51b8-34d2-4298-83d7-893f91f2d29a",
        "host": "localhost:3000",
        "accept-encoding": "gzip, deflate, br",
        "connection": "keep-alive",
        "content-length": "70"
    },
    "statusCode": 201,
    "responseTime": "4ms"
}
===============================================================================================
===============================================================================================

{
    "time": "2026-08-26T13:11:33.337Z",
    "method": "POST",
    "url": "/api/v1/tours/5c88fa8cf4afda39709c2974/addReview",
    "ip": "::1",
    "params": {
        "tourID": "5c88fa8cf4afda39709c2974"
    },
    "query": {},
    "body": {
        "review": "This Place is very best for ",
        "rating": 5,
        "refToTour": "5c88fa8cf4afda39709c2974",
        "refToUser": "6a8e7b572a0177dbef658b68"
    },
    "headers": {
        "content-type": "application/json",
        "user-agent": "PostmanRuntime/7.56.1",
        "accept": "*/*",
        "cache-control": "no-cache",
        "postman-token": "f06745ed-7381-442d-b409-6b1e9361855b",
        "host": "localhost:3000",
        "accept-encoding": "gzip, deflate, br",
        "connection": "keep-alive",
        "content-length": "70"
    },
    "statusCode": 201,
    "responseTime": "2ms"
}
===============================================================================================
===============================================================================================

{
    "time": "2026-08-26T13:11:34.922Z",
    "method": "POST",
    "url": "/api/v1/tours/5c88fa8cf4afda39709c2974/addReview",
    "ip": "::1",
    "params": {
        "tourID": "5c88fa8cf4afda39709c2974"
    },
    "query": {},
    "body": {
        "review": "This Place is very best for ",
        "rating": 4,
        "refToTour": "5c88fa8cf4afda39709c2974",
        "refToUser": "6a8e7b572a0177dbef658b68"
    },
    "headers": {
        "content-type": "application/json",
        "user-agent": "PostmanRuntime/7.56.1",
        "accept": "*/*",
        "cache-control": "no-cache",
        "postman-token": "ce41dd76-ff5b-4418-b4ec-f1c666af1541",
        "host": "localhost:3000",
        "accept-encoding": "gzip, deflate, br",
        "connection": "keep-alive",
        "content-length": "70"
    },
    "statusCode": 201,
    "responseTime": "3ms"
}
===============================================================================================
===============================================================================================

{
    "time": "2026-08-26T13:11:50.695Z",
    "method": "POST",
    "url": "/api/v1/tours/5c88fa8cf4afda39709c2961/addReview",
    "ip": "::1",
    "params": {},
    "query": {},
    "body": {
        "review": "This Place is very best for ",
        "rating": 0.5,
        "refToTour": "5c88fa8cf4afda39709c2961",
        "refToUser": "6a8e7b572a0177dbef658b68"
    },
    "headers": {
        "content-type": "application/json",
        "user-agent": "PostmanRuntime/7.56.1",
        "accept": "*/*",
        "cache-control": "no-cache",
        "postman-token": "c25242a5-cd8f-42c4-9b03-2b06b5436c92",
        "host": "localhost:3000",
        "accept-encoding": "gzip, deflate, br",
        "connection": "keep-alive",
        "content-length": "72"
    },
    "statusCode": 500,
    "responseTime": "5ms"
}
===============================================================================================
===============================================================================================

{
    "time": "2026-08-26T13:11:51.961Z",
    "method": "POST",
    "url": "/api/v1/tours/5c88fa8cf4afda39709c2961/addReview",
    "ip": "::1",
    "params": {},
    "query": {},
    "body": {
        "review": "This Place is very best for ",
        "rating": 0.5,
        "refToTour": "5c88fa8cf4afda39709c2961",
        "refToUser": "6a8e7b572a0177dbef658b68"
    },
    "headers": {
        "content-type": "application/json",
        "user-agent": "PostmanRuntime/7.56.1",
        "accept": "*/*",
        "cache-control": "no-cache",
        "postman-token": "a2fbf3e4-866f-4a7d-85d3-5a22afc37fde",
        "host": "localhost:3000",
        "accept-encoding": "gzip, deflate, br",
        "connection": "keep-alive",
        "content-length": "72"
    },
    "statusCode": 500,
    "responseTime": "3ms"
}
===============================================================================================
===============================================================================================

{
    "time": "2026-08-26T13:11:53.475Z",
    "method": "POST",
    "url": "/api/v1/tours/5c88fa8cf4afda39709c2961/addReview",
    "ip": "::1",
    "params": {
        "tourID": "5c88fa8cf4afda39709c2961"
    },
    "query": {},
    "body": {
        "review": "This Place is very best for ",
        "rating": 1,
        "refToTour": "5c88fa8cf4afda39709c2961",
        "refToUser": "6a8e7b572a0177dbef658b68"
    },
    "headers": {
        "content-type": "application/json",
        "user-agent": "PostmanRuntime/7.56.1",
        "accept": "*/*",
        "cache-control": "no-cache",
        "postman-token": "78598f89-d9fc-4263-8583-a9cea1194da3",
        "host": "localhost:3000",
        "accept-encoding": "gzip, deflate, br",
        "connection": "keep-alive",
        "content-length": "70"
    },
    "statusCode": 201,
    "responseTime": "4ms"
}
===============================================================================================
===============================================================================================

{
    "time": "2026-08-26T13:11:57.362Z",
    "method": "POST",
    "url": "/api/v1/tours/5c88fa8cf4afda39709c2961/addReview",
    "ip": "::1",
    "params": {},
    "query": {},
    "body": {
        "review": "This Place is very best for ",
        "rating": 0.5,
        "refToTour": "5c88fa8cf4afda39709c2961",
        "refToUser": "6a8e7b572a0177dbef658b68"
    },
    "headers": {
        "content-type": "application/json",
        "user-agent": "PostmanRuntime/7.56.1",
        "accept": "*/*",
        "cache-control": "no-cache",
        "postman-token": "b1fde0c6-dfb7-40f3-a124-f7c332d745aa",
        "host": "localhost:3000",
        "accept-encoding": "gzip, deflate, br",
        "connection": "keep-alive",
        "content-length": "72"
    },
    "statusCode": 500,
    "responseTime": "5ms"
}
===============================================================================================
===============================================================================================

{
    "time": "2026-08-26T13:12:03.720Z",
    "method": "POST",
    "url": "/api/v1/tours/5c88fa8cf4afda39709c2961/addReview",
    "ip": "::1",
    "params": {
        "tourID": "5c88fa8cf4afda39709c2961"
    },
    "query": {},
    "body": {
        "review": "This Place is very best for ",
        "rating": 1,
        "refToTour": "5c88fa8cf4afda39709c2961",
        "refToUser": "6a8e7b572a0177dbef658b68"
    },
    "headers": {
        "content-type": "application/json",
        "user-agent": "PostmanRuntime/7.56.1",
        "accept": "*/*",
        "cache-control": "no-cache",
        "postman-token": "aee2bdc4-1255-494c-836d-1c6625f00ce8",
        "host": "localhost:3000",
        "accept-encoding": "gzip, deflate, br",
        "connection": "keep-alive",
        "content-length": "70"
    },
    "statusCode": 201,
    "responseTime": "3ms"
}
===============================================================================================
===============================================================================================

{
    "time": "2026-08-26T13:12:04.619Z",
    "method": "POST",
    "url": "/api/v1/tours/5c88fa8cf4afda39709c2961/addReview",
    "ip": "::1",
    "params": {
        "tourID": "5c88fa8cf4afda39709c2961"
    },
    "query": {},
    "body": {
        "review": "This Place is very best for ",
        "rating": 1,
        "refToTour": "5c88fa8cf4afda39709c2961",
        "refToUser": "6a8e7b572a0177dbef658b68"
    },
    "headers": {
        "content-type": "application/json",
        "user-agent": "PostmanRuntime/7.56.1",
        "accept": "*/*",
        "cache-control": "no-cache",
        "postman-token": "969231ac-da8c-4f8d-bc8f-104a53c99bbb",
        "host": "localhost:3000",
        "accept-encoding": "gzip, deflate, br",
        "connection": "keep-alive",
        "content-length": "70"
    },
    "statusCode": 201,
    "responseTime": "3ms"
}
===============================================================================================
===============================================================================================

{
    "time": "2026-08-26T13:12:12.589Z",
    "method": "POST",
    "url": "/api/v1/tours/5c88fa8cf4afda39709c2970/addReview",
    "ip": "::1",
    "params": {
        "tourID": "5c88fa8cf4afda39709c2970"
    },
    "query": {},
    "body": {
        "review": "This Place is very best for ",
        "rating": 1,
        "refToTour": "5c88fa8cf4afda39709c2970",
        "refToUser": "6a8e7b572a0177dbef658b68"
    },
    "headers": {
        "content-type": "application/json",
        "user-agent": "PostmanRuntime/7.56.1",
        "accept": "*/*",
        "cache-control": "no-cache",
        "postman-token": "e21266cf-84bb-4111-9943-72e36873f659",
        "host": "localhost:3000",
        "accept-encoding": "gzip, deflate, br",
        "connection": "keep-alive",
        "content-length": "70"
    },
    "statusCode": 201,
    "responseTime": "4ms"
}
===============================================================================================
===============================================================================================

{
    "time": "2026-08-26T13:12:13.422Z",
    "method": "POST",
    "url": "/api/v1/tours/5c88fa8cf4afda39709c2970/addReview",
    "ip": "::1",
    "params": {
        "tourID": "5c88fa8cf4afda39709c2970"
    },
    "query": {},
    "body": {
        "review": "This Place is very best for ",
        "rating": 1,
        "refToTour": "5c88fa8cf4afda39709c2970",
        "refToUser": "6a8e7b572a0177dbef658b68"
    },
    "headers": {
        "content-type": "application/json",
        "user-agent": "PostmanRuntime/7.56.1",
        "accept": "*/*",
        "cache-control": "no-cache",
        "postman-token": "7df4bb71-8aea-4e85-9161-459a6da93b5e",
        "host": "localhost:3000",
        "accept-encoding": "gzip, deflate, br",
        "connection": "keep-alive",
        "content-length": "70"
    },
    "statusCode": 201,
    "responseTime": "4ms"
}
===============================================================================================
===============================================================================================

{
    "time": "2026-08-26T13:12:17.764Z",
    "method": "POST",
    "url": "/api/v1/tours/5c88fa8cf4afda39709c2970/addReview",
    "ip": "::1",
    "params": {
        "tourID": "5c88fa8cf4afda39709c2970"
    },
    "query": {},
    "body": {
        "review": "This Place is very best for ",
        "rating": 5,
        "refToTour": "5c88fa8cf4afda39709c2970",
        "refToUser": "6a8e7b572a0177dbef658b68"
    },
    "headers": {
        "content-type": "application/json",
        "user-agent": "PostmanRuntime/7.56.1",
        "accept": "*/*",
        "cache-control": "no-cache",
        "postman-token": "6aea1632-f37b-4308-b7da-71802b43c56f",
        "host": "localhost:3000",
        "accept-encoding": "gzip, deflate, br",
        "connection": "keep-alive",
        "content-length": "70"
    },
    "statusCode": 201,
    "responseTime": "3ms"
}
===============================================================================================
===============================================================================================

{
    "time": "2026-08-26T13:12:18.631Z",
    "method": "POST",
    "url": "/api/v1/tours/5c88fa8cf4afda39709c2970/addReview",
    "ip": "::1",
    "params": {
        "tourID": "5c88fa8cf4afda39709c2970"
    },
    "query": {},
    "body": {
        "review": "This Place is very best for ",
        "rating": 5,
        "refToTour": "5c88fa8cf4afda39709c2970",
        "refToUser": "6a8e7b572a0177dbef658b68"
    },
    "headers": {
        "content-type": "application/json",
        "user-agent": "PostmanRuntime/7.56.1",
        "accept": "*/*",
        "cache-control": "no-cache",
        "postman-token": "5830ccf4-a64c-49c7-95f6-006f836813a4",
        "host": "localhost:3000",
        "accept-encoding": "gzip, deflate, br",
        "connection": "keep-alive",
        "content-length": "70"
    },
    "statusCode": 201,
    "responseTime": "3ms"
}
===============================================================================================
===============================================================================================

{
    "time": "2026-08-26T13:12:29.452Z",
    "method": "POST",
    "url": "/api/v1/tours/5c88fa8cf4afda39709c296c/addReview",
    "ip": "::1",
    "params": {
        "tourID": "5c88fa8cf4afda39709c296c"
    },
    "query": {},
    "body": {
        "review": "This Place is very best for ",
        "rating": 3,
        "refToTour": "5c88fa8cf4afda39709c296c",
        "refToUser": "6a8e7b572a0177dbef658b68"
    },
    "headers": {
        "content-type": "application/json",
        "user-agent": "PostmanRuntime/7.56.1",
        "accept": "*/*",
        "cache-control": "no-cache",
        "postman-token": "b44442d4-7799-47f7-9d87-c316f4abec0a",
        "host": "localhost:3000",
        "accept-encoding": "gzip, deflate, br",
        "connection": "keep-alive",
        "content-length": "70"
    },
    "statusCode": 201,
    "responseTime": "4ms"
}
===============================================================================================
===============================================================================================

{
    "time": "2026-08-26T13:12:33.009Z",
    "method": "POST",
    "url": "/api/v1/tours/5c88fa8cf4afda39709c296c/addReview",
    "ip": "::1",
    "params": {
        "tourID": "5c88fa8cf4afda39709c296c"
    },
    "query": {},
    "body": {
        "review": "This Place is very best for ",
        "rating": 2,
        "refToTour": "5c88fa8cf4afda39709c296c",
        "refToUser": "6a8e7b572a0177dbef658b68"
    },
    "headers": {
        "content-type": "application/json",
        "user-agent": "PostmanRuntime/7.56.1",
        "accept": "*/*",
        "cache-control": "no-cache",
        "postman-token": "36ae1957-a9f9-4c51-9ce6-9deab8267408",
        "host": "localhost:3000",
        "accept-encoding": "gzip, deflate, br",
        "connection": "keep-alive",
        "content-length": "70"
    },
    "statusCode": 201,
    "responseTime": "2ms"
}
===============================================================================================
===============================================================================================

{
    "time": "2026-08-26T13:12:43.216Z",
    "method": "POST",
    "url": "/api/v1/tours/5c88fa8cf4afda39709c296c/addReview",
    "ip": "::1",
    "params": {
        "tourID": "5c88fa8cf4afda39709c296c"
    },
    "query": {},
    "body": {
        "review": "This Place is very best for ",
        "rating": 1,
        "refToTour": "5c88fa8cf4afda39709c296c",
        "refToUser": "6a8e7b572a0177dbef658b68"
    },
    "headers": {
        "content-type": "application/json",
        "user-agent": "PostmanRuntime/7.56.1",
        "accept": "*/*",
        "cache-control": "no-cache",
        "postman-token": "14231a8b-65c6-4749-9ee3-0ed3d94262af",
        "host": "localhost:3000",
        "accept-encoding": "gzip, deflate, br",
        "connection": "keep-alive",
        "content-length": "70"
    },
    "statusCode": 201,
    "responseTime": "3ms"
}
===============================================================================================
===============================================================================================

{
    "time": "2026-08-26T13:12:51.433Z",
    "method": "POST",
    "url": "/api/v1/tours/6c88fa8cf4afda39709c2960/addReview",
    "ip": "::1",
    "params": {
        "tourID": "6c88fa8cf4afda39709c2960"
    },
    "query": {},
    "body": {
        "review": "This Place is very best for ",
        "rating": 5,
        "refToTour": "6c88fa8cf4afda39709c2960",
        "refToUser": "6a8e7b572a0177dbef658b68"
    },
    "headers": {
        "content-type": "application/json",
        "user-agent": "PostmanRuntime/7.56.1",
        "accept": "*/*",
        "cache-control": "no-cache",
        "postman-token": "b3d9f860-3929-468f-b1e8-cec8535598cf",
        "host": "localhost:3000",
        "accept-encoding": "gzip, deflate, br",
        "connection": "keep-alive",
        "content-length": "70"
    },
    "statusCode": 201,
    "responseTime": "4ms"
}
===============================================================================================
===============================================================================================

{
    "time": "2026-08-26T13:12:53.313Z",
    "method": "POST",
    "url": "/api/v1/tours/6c88fa8cf4afda39709c2960/addReview",
    "ip": "::1",
    "params": {
        "tourID": "6c88fa8cf4afda39709c2960"
    },
    "query": {},
    "body": {
        "review": "This Place is very best for ",
        "rating": 3,
        "refToTour": "6c88fa8cf4afda39709c2960",
        "refToUser": "6a8e7b572a0177dbef658b68"
    },
    "headers": {
        "content-type": "application/json",
        "user-agent": "PostmanRuntime/7.56.1",
        "accept": "*/*",
        "cache-control": "no-cache",
        "postman-token": "6c411887-216c-4fce-b438-0e47f555c509",
        "host": "localhost:3000",
        "accept-encoding": "gzip, deflate, br",
        "connection": "keep-alive",
        "content-length": "70"
    },
    "statusCode": 201,
    "responseTime": "30ms"
}
===============================================================================================
===============================================================================================

{
    "time": "2026-08-26T13:12:55.281Z",
    "method": "POST",
    "url": "/api/v1/tours/6c88fa8cf4afda39709c2960/addReview",
    "ip": "::1",
    "params": {
        "tourID": "6c88fa8cf4afda39709c2960"
    },
    "query": {},
    "body": {
        "review": "This Place is very best for ",
        "rating": 4,
        "refToTour": "6c88fa8cf4afda39709c2960",
        "refToUser": "6a8e7b572a0177dbef658b68"
    },
    "headers": {
        "content-type": "application/json",
        "user-agent": "PostmanRuntime/7.56.1",
        "accept": "*/*",
        "cache-control": "no-cache",
        "postman-token": "9a93a092-546c-4fb1-9e25-6a04d456a4e3",
        "host": "localhost:3000",
        "accept-encoding": "gzip, deflate, br",
        "connection": "keep-alive",
        "content-length": "70"
    },
    "statusCode": 201,
    "responseTime": "3ms"
}
===============================================================================================
===============================================================================================

{
    "time": "2026-08-26T13:12:57.462Z",
    "method": "POST",
    "url": "/api/v1/tours/6c88fa8cf4afda39709c2960/addReview",
    "ip": "::1",
    "params": {
        "tourID": "6c88fa8cf4afda39709c2960"
    },
    "query": {},
    "body": {
        "review": "This Place is very best for ",
        "rating": 2,
        "refToTour": "6c88fa8cf4afda39709c2960",
        "refToUser": "6a8e7b572a0177dbef658b68"
    },
    "headers": {
        "content-type": "application/json",
        "user-agent": "PostmanRuntime/7.56.1",
        "accept": "*/*",
        "cache-control": "no-cache",
        "postman-token": "0259d3eb-bcaa-4c22-98a4-51c7f74af5a4",
        "host": "localhost:3000",
        "accept-encoding": "gzip, deflate, br",
        "connection": "keep-alive",
        "content-length": "70"
    },
    "statusCode": 201,
    "responseTime": "5ms"
}
===============================================================================================
===============================================================================================

{
    "time": "2026-08-26T13:12:58.312Z",
    "method": "POST",
    "url": "/api/v1/tours/6c88fa8cf4afda39709c2960/addReview",
    "ip": "::1",
    "params": {
        "tourID": "6c88fa8cf4afda39709c2960"
    },
    "query": {},
    "body": {
        "review": "This Place is very best for ",
        "rating": 2,
        "refToTour": "6c88fa8cf4afda39709c2960",
        "refToUser": "6a8e7b572a0177dbef658b68"
    },
    "headers": {
        "content-type": "application/json",
        "user-agent": "PostmanRuntime/7.56.1",
        "accept": "*/*",
        "cache-control": "no-cache",
        "postman-token": "f5f5e81a-f03a-4637-a12c-14ba838cf7fc",
        "host": "localhost:3000",
        "accept-encoding": "gzip, deflate, br",
        "connection": "keep-alive",
        "content-length": "70"
    },
    "statusCode": 201,
    "responseTime": "3ms"
}
===============================================================================================
===============================================================================================

{
    "time": "2026-08-26T13:12:59.152Z",
    "method": "POST",
    "url": "/api/v1/tours/6c88fa8cf4afda39709c2960/addReview",
    "ip": "::1",
    "params": {
        "tourID": "6c88fa8cf4afda39709c2960"
    },
    "query": {},
    "body": {
        "review": "This Place is very best for ",
        "rating": 2,
        "refToTour": "6c88fa8cf4afda39709c2960",
        "refToUser": "6a8e7b572a0177dbef658b68"
    },
    "headers": {
        "content-type": "application/json",
        "user-agent": "PostmanRuntime/7.56.1",
        "accept": "*/*",
        "cache-control": "no-cache",
        "postman-token": "5c5fd0db-1f0b-499a-9980-3bc652e95b62",
        "host": "localhost:3000",
        "accept-encoding": "gzip, deflate, br",
        "connection": "keep-alive",
        "content-length": "70"
    },
    "statusCode": 201,
    "responseTime": "3ms"
}
===============================================================================================
===============================================================================================

{
    "time": "2026-08-26T13:13:01.145Z",
    "method": "POST",
    "url": "/api/v1/tours/6c88fa8cf4afda39709c2960/addReview",
    "ip": "::1",
    "params": {
        "tourID": "6c88fa8cf4afda39709c2960"
    },
    "query": {},
    "body": {
        "review": "This Place is very best for ",
        "rating": 5,
        "refToTour": "6c88fa8cf4afda39709c2960",
        "refToUser": "6a8e7b572a0177dbef658b68"
    },
    "headers": {
        "content-type": "application/json",
        "user-agent": "PostmanRuntime/7.56.1",
        "accept": "*/*",
        "cache-control": "no-cache",
        "postman-token": "60e53e2f-842d-443f-b8f3-ce1dd7a767f2",
        "host": "localhost:3000",
        "accept-encoding": "gzip, deflate, br",
        "connection": "keep-alive",
        "content-length": "70"
    },
    "statusCode": 201,
    "responseTime": "4ms"
}
===============================================================================================
===============================================================================================

{
    "time": "2026-08-26T13:13:01.906Z",
    "method": "POST",
    "url": "/api/v1/tours/6c88fa8cf4afda39709c2960/addReview",
    "ip": "::1",
    "params": {
        "tourID": "6c88fa8cf4afda39709c2960"
    },
    "query": {},
    "body": {
        "review": "This Place is very best for ",
        "rating": 5,
        "refToTour": "6c88fa8cf4afda39709c2960",
        "refToUser": "6a8e7b572a0177dbef658b68"
    },
    "headers": {
        "content-type": "application/json",
        "user-agent": "PostmanRuntime/7.56.1",
        "accept": "*/*",
        "cache-control": "no-cache",
        "postman-token": "c90f2cb9-41a0-4448-ae35-bbdb01ac5e4f",
        "host": "localhost:3000",
        "accept-encoding": "gzip, deflate, br",
        "connection": "keep-alive",
        "content-length": "70"
    },
    "statusCode": 201,
    "responseTime": "3ms"
}
===============================================================================================
===============================================================================================

{
    "time": "2026-08-26T13:13:02.640Z",
    "method": "POST",
    "url": "/api/v1/tours/6c88fa8cf4afda39709c2960/addReview",
    "ip": "::1",
    "params": {
        "tourID": "6c88fa8cf4afda39709c2960"
    },
    "query": {},
    "body": {
        "review": "This Place is very best for ",
        "rating": 5,
        "refToTour": "6c88fa8cf4afda39709c2960",
        "refToUser": "6a8e7b572a0177dbef658b68"
    },
    "headers": {
        "content-type": "application/json",
        "user-agent": "PostmanRuntime/7.56.1",
        "accept": "*/*",
        "cache-control": "no-cache",
        "postman-token": "1abc9438-fa57-4e73-859a-3e715cb782e9",
        "host": "localhost:3000",
        "accept-encoding": "gzip, deflate, br",
        "connection": "keep-alive",
        "content-length": "70"
    },
    "statusCode": 201,
    "responseTime": "3ms"
}
===============================================================================================
===============================================================================================

{
    "time": "2026-08-26T13:13:03.342Z",
    "method": "POST",
    "url": "/api/v1/tours/6c88fa8cf4afda39709c2960/addReview",
    "ip": "::1",
    "params": {
        "tourID": "6c88fa8cf4afda39709c2960"
    },
    "query": {},
    "body": {
        "review": "This Place is very best for ",
        "rating": 5,
        "refToTour": "6c88fa8cf4afda39709c2960",
        "refToUser": "6a8e7b572a0177dbef658b68"
    },
    "headers": {
        "content-type": "application/json",
        "user-agent": "PostmanRuntime/7.56.1",
        "accept": "*/*",
        "cache-control": "no-cache",
        "postman-token": "48a517a6-c9a5-433c-a196-175abe3b80e8",
        "host": "localhost:3000",
        "accept-encoding": "gzip, deflate, br",
        "connection": "keep-alive",
        "content-length": "70"
    },
    "statusCode": 201,
    "responseTime": "2ms"
}
===============================================================================================
===============================================================================================

{
    "time": "2026-08-26T13:13:05.766Z",
    "method": "POST",
    "url": "/api/v1/tours/6c88fa8cf4afda39709c2960/addReview",
    "ip": "::1",
    "params": {
        "tourID": "6c88fa8cf4afda39709c2960"
    },
    "query": {},
    "body": {
        "review": "This Place is very best for ",
        "rating": 5,
        "refToTour": "6c88fa8cf4afda39709c2960",
        "refToUser": "6a8e7b572a0177dbef658b68"
    },
    "headers": {
        "content-type": "application/json",
        "user-agent": "PostmanRuntime/7.56.1",
        "accept": "*/*",
        "cache-control": "no-cache",
        "postman-token": "34e590be-9878-4eef-bbc8-7eef141e50ab",
        "host": "localhost:3000",
        "accept-encoding": "gzip, deflate, br",
        "connection": "keep-alive",
        "content-length": "70"
    },
    "statusCode": 201,
    "responseTime": "3ms"
}
===============================================================================================
===============================================================================================

{
    "time": "2026-08-26T13:13:06.632Z",
    "method": "POST",
    "url": "/api/v1/tours/6c88fa8cf4afda39709c2960/addReview",
    "ip": "::1",
    "params": {
        "tourID": "6c88fa8cf4afda39709c2960"
    },
    "query": {},
    "body": {
        "review": "This Place is very best for ",
        "rating": 5,
        "refToTour": "6c88fa8cf4afda39709c2960",
        "refToUser": "6a8e7b572a0177dbef658b68"
    },
    "headers": {
        "content-type": "application/json",
        "user-agent": "PostmanRuntime/7.56.1",
        "accept": "*/*",
        "cache-control": "no-cache",
        "postman-token": "7c7f261b-f8b8-4d1e-b8cb-52d96d90ae70",
        "host": "localhost:3000",
        "accept-encoding": "gzip, deflate, br",
        "connection": "keep-alive",
        "content-length": "70"
    },
    "statusCode": 201,
    "responseTime": "3ms"
}
===============================================================================================
===============================================================================================

{
    "time": "2026-08-26T13:19:47.099Z",
    "method": "POST",
    "url": "/api/v1/tours/6c88fa8cf4afda39709c2960/addReview",
    "ip": "::1",
    "params": {
        "tourID": "6c88fa8cf4afda39709c2960"
    },
    "query": {},
    "body": {
        "review": "This Place is very best for ",
        "rating": 5,
        "refToTour": "6c88fa8cf4afda39709c2960",
        "refToUser": "6a8e7b572a0177dbef658b68"
    },
    "headers": {
        "content-type": "application/json",
        "user-agent": "PostmanRuntime/7.56.1",
        "accept": "*/*",
        "cache-control": "no-cache",
        "postman-token": "1542f4fb-c75e-41ed-bf27-572ba23b380c",
        "host": "localhost:3000",
        "accept-encoding": "gzip, deflate, br",
        "connection": "keep-alive",
        "content-length": "71"
    },
    "statusCode": 201,
    "responseTime": "36ms"
}
===============================================================================================
===============================================================================================

{
    "time": "2026-08-26T13:19:57.047Z",
    "method": "POST",
    "url": "/api/v1/tours/6c88fa8cf4afda39709c2960/addReview",
    "ip": "::1",
    "params": {
        "tourID": "6c88fa8cf4afda39709c2960"
    },
    "query": {},
    "body": {
        "review": "This Place is very best for ",
        "rating": 5,
        "refToTour": "6c88fa8cf4afda39709c2960",
        "refToUser": "6a8e7b572a0177dbef658b68"
    },
    "headers": {
        "content-type": "application/json",
        "user-agent": "PostmanRuntime/7.56.1",
        "accept": "*/*",
        "cache-control": "no-cache",
        "postman-token": "1ae9aca2-0e64-49dd-bbe9-8e42f1f5eafb",
        "host": "localhost:3000",
        "accept-encoding": "gzip, deflate, br",
        "connection": "keep-alive",
        "content-length": "71"
    },
    "statusCode": 201,
    "responseTime": "6ms"
}
===============================================================================================
===============================================================================================
